file,source_key,title,slug,url,date,year,month,tags,categories,summary,keywords,primary_theme,theme_scores,style,style_scores,word_count,sentence_count,avg_sentence_length
content\posts\军训三功记.zh-cn.md,军训三功记,军训三功记,zw,https://blog.huaxiangshan.com/zh-cn/posts/zw/,2017-10-06 15:39:02,2017,10,作文,游记,高一的军训小作文，补档记录,作文 | 游记 | 一功 : 静如水 | 二功 : 对仗功 | 三功 : 长征行 | 军训三功记,旅行调研与地方观察,"{""经济学与方法"": 0, ""软件工具与技术"": 0, ""文学影视与文艺评论"": 0, ""旅行调研与地方观察"": 2, ""社会观察与思想随笔"": 0}",游记纪实,"{""教程指南"": 0, ""学术分析"": 0, ""评论随笔"": 0, ""文艺评论"": 0, ""游记纪实"": 2}",109,34,3.21
content\posts\鲁迅故居.zh-cn.md,鲁迅故居,鲁迅故居：唯一的光,lxgj,https://blog.huaxiangshan.com/zh-cn/posts/lxgj/,2020-12-19 10:35:32,2020,12,旅游 | 微观历史,游记,鲁迅故居游记,旅游 | 微观历史 | 游记 | 鲁迅故居：唯一的光,文学影视与文艺评论,"{""经济学与方法"": 3, ""软件工具与技术"": 0, ""文学影视与文艺评论"": 44, ""旅行调研与地方观察"": 11, ""社会观察与思想随笔"": 1}",文艺评论,"{""教程指南"": 0, ""学术分析"": 5, ""评论随笔"": 8, ""文艺评论"": 55, ""游记纪实"": 3}",257,79,3.25
content\posts\企鹅公路.zh-cn.md,企鹅公路,《企鹅公路》：少年终长成,penguin,https://blog.huaxiangshan.com/zh-cn/posts/penguin/,2020-12-24 20:52:19,2020,12,二次元 | 电影,影视剧,世界的尽头，少年的成长之路,二次元 | 电影 | 影视剧 | 森见登美彦的奇幻 | 企鹅公路 | 梗概,文学影视与文艺评论,"{""经济学与方法"": 0, ""软件工具与技术"": 0, ""文学影视与文艺评论"": 29, ""旅行调研与地方观察"": 0, ""社会观察与思想随笔"": 0}",文艺评论,"{""教程指南"": 0, ""学术分析"": 0, ""评论随笔"": 5, ""文艺评论"": 15, ""游记纪实"": 0}",197,43,4.58
content\posts\朝花夕誓.zh-cn.md,朝花夕誓,朝花夕誓——于离别之朝束起约定之花,ydzh,https://blog.huaxiangshan.com/zh-cn/posts/ydzh/,2021-02-19 20:52:19,2021,2,电影 | 二次元,影视剧,《朝花夕誓——于离别之朝束起约定之花》解析。电影的主题不只是母爱，母爱只是离别的一种意向。,电影 | 二次元 | 影视剧 | 前言 | 剧情线 | 意象解读,文学影视与文艺评论,"{""经济学与方法"": 0, ""软件工具与技术"": 0, ""文学影视与文艺评论"": 17, ""旅行调研与地方观察"": 0, ""社会观察与思想随笔"": 0}",文艺评论,"{""教程指南"": 0, ""学术分析"": 5, ""评论随笔"": 4, ""文艺评论"": 13, ""游记纪实"": 0}",375,91,4.12
content\posts\瓦尔登湖.zh-cn.md,瓦尔登湖,《瓦尔登湖》有感,wedh,https://blog.huaxiangshan.com/zh-cn/posts/wedh/,2021-03-29 18:52:19,2021,3,文学 | 阅读 | 作文,阅读,尝试模仿瓦尔登湖的写作风格,文学 | 阅读 | 作文 | 瓦尔登湖》有感,文学影视与文艺评论,"{""经济学与方法"": 0, ""软件工具与技术"": 0, ""文学影视与文艺评论"": 12, ""旅行调研与地方观察"": 0, ""社会观察与思想随笔"": 0}",学术分析,"{""教程指南"": 0, ""学术分析"": 4, ""评论随笔"": 4, ""文艺评论"": 2, ""游记纪实"": 0}",84,34,2.47
content\posts\神实主义.zh-cn.md,神实主义,神实主义,sszy,https://blog.huaxiangshan.com/zh-cn/posts/sszy/,2021-05-22 18:52:19,2021,5,文学 | 阅读 | 作文,阅读,高中阅读课随意拿了一本《阎连科文论》，其神实主义的主张直到今天也让我回味无穷。,文学 | 阅读 | 作文 | 神实主义,社会观察与思想随笔,"{""经济学与方法"": 0, ""软件工具与技术"": 0, ""文学影视与文艺评论"": 2, ""旅行调研与地方观察"": 0, ""社会观察与思想随笔"": 15}",文艺评论,"{""教程指南"": 0, ""学术分析"": 5, ""评论随笔"": 3, ""文艺评论"": 8, ""游记纪实"": 0}",69,17,4.06
content\posts\河西走廊.zh-cn.md,河西走廊,河西走廊,hexi,https://blog.huaxiangshan.com/zh-cn/posts/hexi/,2022-07-09 19:35:32,2022,7,旅游,游记,河西走廊游记,旅游 | 游记 | 河西走廊,旅行调研与地方观察,"{""经济学与方法"": 0, ""软件工具与技术"": 0, ""文学影视与文艺评论"": 0, ""旅行调研与地方观察"": 14, ""社会观察与思想随笔"": 0}",游记纪实,"{""教程指南"": 0, ""学术分析"": 0, ""评论随笔"": 0, ""文艺评论"": 0, ""游记纪实"": 14}",40,17,2.35
content\posts\莫高窟不愿只是旅游景点.zh-cn.md,莫高窟不愿只是旅游景点,莫高窟不愿只是旅游景点,mgk,https://blog.huaxiangshan.com/zh-cn/posts/mgk/,2022-07-29 19:22:08,2022,7,旅游,游记,GPT: 这篇文章讨论了敦煌莫高窟不仅是旅游景点，更是一项科学教育事业。文章描述了莫高窟的历史、文化特点以及对游客的吸引力，强调了其独特的文化氛围和历史价值。最后，文章指出，莫高窟的存在不仅仅是宗教的象征，更是不断流传的历史和文化遗产。,旅游 | 游记 | gpt,旅行调研与地方观察,"{""经济学与方法"": 1, ""软件工具与技术"": 0, ""文学影视与文艺评论"": 0, ""旅行调研与地方观察"": 13, ""社会观察与思想随笔"": 0}",游记纪实,"{""教程指南"": 0, ""学术分析"": 0, ""评论随笔"": 1, ""文艺评论"": 0, ""游记纪实"": 13}",131,50,2.62
content\posts\调研小记：云南昭通.zh-cn.md,调研小记：云南昭通,调研小记 1：云南昭通,ynzt,https://blog.huaxiangshan.com/zh-cn/posts/ynzt/,2022-09-10 18:52:19,2022,9,旅游 | 调研,游记,云南易地搬迁调研景区、调研总结和酒局经验,旅游 | 调研 | 游记 | 县城景区 | 盐津 | 茶马古道,旅行调研与地方观察,"{""经济学与方法"": 0, ""软件工具与技术"": 0, ""文学影视与文艺评论"": 0, ""旅行调研与地方观察"": 41, ""社会观察与思想随笔"": 0}",游记纪实,"{""教程指南"": 2, ""学术分析"": 0, ""评论随笔"": 1, ""文艺评论"": 0, ""游记纪实"": 22}",185,62,2.98
content\posts\LaTeX入门.zh-cn.md,LaTeX入门,如何在1小时内快速入手LaTeX？,latex,https://blog.huaxiangshan.com/zh-cn/posts/latex/,2022-10-09 18:52:19,2022,10,LaTeX,软件工具,LaTeX 论文排版快速入门。,LaTeX | 软件工具 | 下载和安装 | 快速上手 （两个小时以内 | 进阶教程（论文需要的 | 引用有两种方法,软件工具与技术,"{""经济学与方法"": 0, ""软件工具与技术"": 96, ""文学影视与文艺评论"": 0, ""旅行调研与地方观察"": 0, ""社会观察与思想随笔"": 4}",教程指南,"{""教程指南"": 27, ""学术分析"": 1, ""评论随笔"": 0, ""文艺评论"": 0, ""游记纪实"": 0}",287,23,12.48
content\posts\LaTeX入门2.zh-cn.md,LaTeX入门2,LaTeX 与绘图,latex2,https://blog.huaxiangshan.com/zh-cn/posts/latex2/,2022-10-19 18:52:19,2022,10,LaTeX,软件工具,LaTeX 的绘图经验。,LaTeX | 软件工具 | 软件下载 | 环境配置 （两种图片插入方式 | 个人推荐：直接代码插入 | 图片引用插入,软件工具与技术,"{""经济学与方法"": 0, ""软件工具与技术"": 50, ""文学影视与文艺评论"": 0, ""旅行调研与地方观察"": 0, ""社会观察与思想随笔"": 0}",教程指南,"{""教程指南"": 15, ""学术分析"": 0, ""评论随笔"": 0, ""文艺评论"": 0, ""游记纪实"": 0}",162,17,9.53
content\posts\叫魂.zh-cn.md,叫魂,盛世与妖术并行，权力幻觉近在咫尺,soul,https://blog.huaxiangshan.com/zh-cn/posts/soul/,2023-01-21 21:45:16,2023,1,阅读 | 微观历史,阅读,这篇文章围绕清代妖术恐慌事件展开，讨论民间恐慌、皇权运作与官僚困境，并联系当代社会中的权力斗争与叙事操控问题。,阅读 | 微观历史 | 叫魂》: 盛世与妖术并行，“权力幻觉”近在迟尺 | 一、群众舆论：民间传说与人口流动 | 二、文化矛盾：满人治汉 | 三、官僚政治：考核与俱乐部,文学影视与文艺评论,"{""经济学与方法"": 4, ""软件工具与技术"": 0, ""文学影视与文艺评论"": 17, ""旅行调研与地方观察"": 0, ""社会观察与思想随笔"": 1}",学术分析,"{""教程指南"": 1, ""学术分析"": 11, ""评论随笔"": 7, ""文艺评论"": 0, ""游记纪实"": 0}",203,51,3.98
content\posts\一份经济微观数据库的数据清洗快速指南.zh-cn.md,一份经济微观数据库的数据清洗快速指南,一份经济微观数据库的数据清洗快速指南,data,https://blog.huaxiangshan.com/zh-cn/posts/data/,2023-03-14 18:09:26,2023,3,Stata,软件工具 | 经济学习,本文将介绍国内主要的社会调查数据库，并且附上常用的 stata 数据清洗和描述统计代码。也记录了很多我遇到过的数据清洗问题，例如 excel 相关的处理,Stata | 软件工具 | 经济学习 | 一、流行的国内数据库 | 大型、综合数据库 | 二、清洗思路和意义,软件工具与技术,"{""经济学与方法"": 10, ""软件工具与技术"": 28, ""文学影视与文艺评论"": 0, ""旅行调研与地方观察"": 2, ""社会观察与思想随笔"": 11}",学术分析,"{""教程指南"": 22, ""学术分析"": 69, ""评论随笔"": 24, ""文艺评论"": 0, ""游记纪实"": 0}",843,105,8.03
content\posts\电影门.zh-cn.md,电影门,2023 电影谈: 门的那一侧,moviedoor,https://blog.huaxiangshan.com/zh-cn/posts/moviedoor/,2023-05-29 18:52:19,2023,5,电影,影视剧,关于门——《末代皇帝》、《铃芽之旅》、《鲸》的观后感,电影 | 影视剧 | bug | gpt | plus,软件工具与技术,"{""经济学与方法"": 1, ""软件工具与技术"": 6, ""文学影视与文艺评论"": 5, ""旅行调研与地方观察"": 0, ""社会观察与思想随笔"": 0}",文艺评论,"{""教程指南"": 0, ""学术分析"": 5, ""评论随笔"": 3, ""文艺评论"": 9, ""游记纪实"": 0}",99,24,4.12
content\posts\写作建议.zh-cn.md,写作建议,转载：写作建议,xz,https://blog.huaxiangshan.com/zh-cn/posts/xz/,2023-06-11 22:33:21,2023,6,阅读 | 文学 | 转载,阅读 | 经济学习,存档我觉得好的资料，包括文学审美和经济研究的建议,阅读 | 文学 | 转载 | 经济学习 | 毛姆的“写作建议 | 加缪 1957 年诺奖演讲《艺术家及其时代,经济学与方法,"{""经济学与方法"": 10, ""软件工具与技术"": 0, ""文学影视与文艺评论"": 0, ""旅行调研与地方观察"": 0, ""社会观察与思想随笔"": 7}",学术分析,"{""教程指南"": 1, ""学术分析"": 15, ""评论随笔"": 6, ""文艺评论"": 10, ""游记纪实"": 0}",2943,736,4.0
content\posts\sss级重生猎人第84章.zh-cn.md,sss级重生猎人第84章,存档：sss 级重生猎人第 84 章,sss,https://blog.huaxiangshan.com/zh-cn/posts/sss/,2023-06-27 22:16:36,2023,6,阅读,阅读,本存档是 sss 重生猎人（84 章），发现本文纯属偶然。原著是韩文小说，B 站有人发的专栏只有机翻。意外看到觉得不错，所以拜托 cc 同学优化语言后存个档。最后我还是凭借个人喜好有所裁剪。机翻倒是意外地弄出点意识流的感觉,阅读 | 存档：sss 级重生猎人第 84 章,文学影视与文艺评论,"{""经济学与方法"": 0, ""软件工具与技术"": 0, ""文学影视与文艺评论"": 2, ""旅行调研与地方观察"": 0, ""社会观察与思想随笔"": 0}",文艺评论,"{""教程指南"": 5, ""学术分析"": 3, ""评论随笔"": 4, ""文艺评论"": 6, ""游记纪实"": 0}",421,177,2.38
content\posts\文字游戏.zh-cn.md,文字游戏,文字游戏：回到文字,wzyy,https://blog.huaxiangshan.com/zh-cn/posts/wzyy/,2023-07-01 18:52:19,2023,7,游戏,游戏评论,《文字游戏》游戏测评,游戏 | 无法被外文复制的视听体验 | 巧妙的玩梗 | 结局未必快乐 | word | boss,文学影视与文艺评论,"{""经济学与方法"": 0, ""软件工具与技术"": 0, ""文学影视与文艺评论"": 9, ""旅行调研与地方观察"": 0, ""社会观察与思想随笔"": 0}",文艺评论,"{""教程指南"": 1, ""学术分析"": 0, ""评论随笔"": 0, ""文艺评论"": 7, ""游记纪实"": 0}",156,32,4.88
content\posts\范里安《微观经济学》退税案例解析.zh-cn.md,范里安《微观经济学》退税案例解析,范里安《微观经济学》退税案例解析,fla,https://blog.huaxiangshan.com/zh-cn/posts/fla/,2023-07-06 17:01:14,2023,7,微观经济学,经济学习,范里安经典教材《微观经济学：现代观点》（_Intermediate Microeconomics_）在第八章斯勒茨基方程（_Slutsky Equation_）中提出了一个著名的退税案例。本文围绕收入效应和替代效应记录一些个人理解。,微观经济学 | 经济学习 | **一、引入** | **二、去数学化的解释：** | **其一：押金视角（个人观点）** | 其二：税收摩擦，跨期视角,经济学与方法,"{""经济学与方法"": 15, ""软件工具与技术"": 0, ""文学影视与文艺评论"": 0, ""旅行调研与地方观察"": 0, ""社会观察与思想随笔"": 5}",学术分析,"{""教程指南"": 2, ""学术分析"": 15, ""评论随笔"": 0, ""文艺评论"": 0, ""游记纪实"": 0}",254,42,6.05
content\posts\华为.zh-cn.md,华为,关于华为会员服务日，你需要知道的一切,hw,https://blog.huaxiangshan.com/zh-cn/posts/hw/,2023-07-07 17:23:04,2023,7,旅游,游记,关于华为会员日的体验攻略报告。北京五道口店。,旅游 | 游记 | 关于华为会员日，你需要知道的全部 | 一、华为会员日时间 | 二、需要预约吗？ | 三、会员日有哪些服务?,社会观察与思想随笔,"{""经济学与方法"": 0, ""软件工具与技术"": 0, ""文学影视与文艺评论"": 0, ""旅行调研与地方观察"": 3, ""社会观察与思想随笔"": 11}",教程指南,"{""教程指南"": 4, ""学术分析"": 0, ""评论随笔"": 0, ""文艺评论"": 0, ""游记纪实"": 2}",127,31,4.1
content\posts\概率论茆诗松笔记.zh-cn.md,概率论茆诗松笔记,用一根针测量π？概率论（茆诗松版) 笔记,probability,https://blog.huaxiangshan.com/zh-cn/posts/probability/,2023-08-01 20:27:53,2023,8,概率论,经济学习,这篇笔记围绕《概率论与数理统计》中的一些典型例子展开，涉及古典概型、几何概型、投针问题、问卷调查修正以及贝叶斯公式的应用。,概率论 | 经济学习 | **一、用一根掉在地上的针估测π？** | **1、引入：几何概型** | 2、用一根针估计 $\pi$ | 3、补充：如何确定概率,经济学与方法,"{""经济学与方法"": 3, ""软件工具与技术"": 2, ""文学影视与文艺评论"": 0, ""旅行调研与地方观察"": 0, ""社会观察与思想随笔"": 3}",学术分析,"{""教程指南"": 7, ""学术分析"": 12, ""评论随笔"": 0, ""文艺评论"": 0, ""游记纪实"": 0}",555,40,13.88
content\posts\奇葩而通俗的中世纪指南《如何屠龙》.zh-cn.md,奇葩而通俗的中世纪指南《如何屠龙》,奇葩而通俗的中世纪指南《如何屠龙》,tl,https://blog.huaxiangshan.com/zh-cn/posts/tl/,2023-08-05 00:00:36,2023,8,微观历史 | 阅读,阅读,这篇文章介绍了一本风格轻松的中世纪入门读物，重点在于它如何通过幽默叙述和生活细节让读者理解中世纪世界。,微观历史 | 阅读 | 的科普书籍 | 奇葩而通俗的中世纪指南《如何屠龙,经济学与方法,"{""经济学与方法"": 3, ""软件工具与技术"": 0, ""文学影视与文艺评论"": 1, ""旅行调研与地方观察"": 0, ""社会观察与思想随笔"": 1}",教程指南,"{""教程指南"": 10, ""学术分析"": 5, ""评论随笔"": 4, ""文艺评论"": 4, ""游记纪实"": 0}",129,41,3.15
content\posts\原神概率.zh-cn.md,原神概率,原神概率论：材料合成天赋选 10%双倍还是 25%返还？,genshin,https://blog.huaxiangshan.com/zh-cn/posts/genshin/,2023-08-09 18:39:02,2023,8,原神 | 概率论,经济学习,原神概率论：材料合成天赋选 10%双倍还是 25%返还？网上计算数学期望的已经有很多，但是似乎没人计算方差，这里把方差计算补上。,原神 | 概率论 | 经济学习 | 一、设定介绍 | **二、计算期望与方差** | **（一）10%双倍产出的期望与方差**,社会观察与思想随笔,"{""经济学与方法"": 2, ""软件工具与技术"": 0, ""文学影视与文艺评论"": 0, ""旅行调研与地方观察"": 0, ""社会观察与思想随笔"": 5}",学术分析,"{""教程指南"": 5, ""学术分析"": 6, ""评论随笔"": 0, ""文艺评论"": 0, ""游记纪实"": 0}",986,26,37.92
content\posts\看展：时代的容颜.zh-cn.md,看展：时代的容颜,看展：时代的容颜,art,https://blog.huaxiangshan.com/zh-cn/posts/art/,2023-08-20 01:07:44,2023,8,艺术,游记,逛展：国家大剧院人物像主题展——时代的容颜,艺术 | 游记 | 对象上 | 绘画方式上 | 主义者们 | 看展：时代的容颜,旅行调研与地方观察,"{""经济学与方法"": 0, ""软件工具与技术"": 0, ""文学影视与文艺评论"": 0, ""旅行调研与地方观察"": 4, ""社会观察与思想随笔"": 3}",评论随笔,"{""教程指南"": 0, ""学术分析"": 0, ""评论随笔"": 13, ""文艺评论"": 0, ""游记纪实"": 2}",108,38,2.84
content\posts\自私的基因：利他道德之问.zh-cn.md,自私的基因：利他道德之问,《自私的基因》：利他道德之问,selfishgene,https://blog.huaxiangshan.com/zh-cn/posts/selfishgene/,2023-08-30 14:56:30,2023,8,阅读,阅读,GPT 总结:《自私的基因》通过探讨自然选择和基因之间的关系，揭示了生物进化背后的机制。作者将基因作为自然选择的最小单位，强调基因追求的是提高自身在自然界中的生存几率，而个体行为、族群行为等都可以归结为基因选择的结果。通过逻辑演绎，作者反驳了其他理论层面上的错误，阐述了基因选择理论的观点。与此同时，本书也引发了对自然选择和进化论的深入思考，展示了人类社会运行与生物进化之间的相似和不同之处。,阅读 | 一、自然选择含义中的“自私 | 1、书中的自私是什么？ | **2、自然选择与进化论** | **二、现象到本质的论证手段** | 三、关于书以外的讨论,社会观察与思想随笔,"{""经济学与方法"": 4, ""软件工具与技术"": 1, ""文学影视与文艺评论"": 0, ""旅行调研与地方观察"": 0, ""社会观察与思想随笔"": 9}",学术分析,"{""教程指南"": 7, ""学术分析"": 25, ""评论随笔"": 11, ""文艺评论"": 0, ""游记纪实"": 0}",1117,188,5.94
content\posts\Citespace文献可视化.zh-cn.md,Citespace文献可视化,Citespace 文献可视化,citespace,https://blog.huaxiangshan.com/zh-cn/posts/citespace/,2023-09-06 16:12:48,2023,9,文献阅读 | 软件推荐 | Citespace,软件工具 | 经济学习,学习了 CiteSpace 用于进行文献可视化。本文也会简单介绍一些其他可以用的网页可视化工具，但重点是 CiteSpace 。写这个文章也是为了记录最（新版 6.2.2 版） 一些网络教程没提及的点和一些更细节的操作事项。,文献阅读 | 软件推荐 | Citespace | 软件工具 | 经济学习 | 一、效果如图,软件工具与技术,"{""经济学与方法"": 2, ""软件工具与技术"": 18, ""文学影视与文艺评论"": 0, ""旅行调研与地方观察"": 0, ""社会观察与思想随笔"": 0}",教程指南,"{""教程指南"": 28, ""学术分析"": 22, ""评论随笔"": 0, ""文艺评论"": 0, ""游记纪实"": 0}",480,59,8.14
content\posts\再见绘梨.zh-cn.md,再见绘梨,再见绘梨：不是回忆别人，而是认识自己,zjhl,https://blog.huaxiangshan.com/zh-cn/posts/zjhl/,2023-09-12 17:59:49,2023,9,二次元,阅读,所有疯狂之举的背后，藏着一颗坚韧而纯粹的心脏。理解《再见绘梨》的关键不是明白回忆他人，而是意识到优太在拍摄自己。难以言明，世人不知道我为爱上这个世界倾注了多少努力。,二次元 | 阅读 | 第一层电影：妈妈的电影 | 第二层电影：绘梨的电影 | 情节颠覆 | 伏笔呼应,文学影视与文艺评论,"{""经济学与方法"": 0, ""软件工具与技术"": 0, ""文学影视与文艺评论"": 54, ""旅行调研与地方观察"": 0, ""社会观察与思想随笔"": 0}",文艺评论,"{""教程指南"": 2, ""学术分析"": 2, ""评论随笔"": 4, ""文艺评论"": 48, ""游记纪实"": 0}",219,68,3.22
content\posts\微观经济：罗伊、霍太林、谢泼德.zh-cn.md,微观经济：罗伊、霍太林、谢泼德,微观经济：罗伊、霍太林、谢泼德,flapxq,https://blog.huaxiangshan.com/zh-cn/posts/flapxq/,2023-09-13 17:23:04,2023,9,微观经济学,经济学习,学习了罗伊、霍太林、谢泼德经济计算式。《平新乔微观经济学十八讲》直接使用了上面三者作为课后试题的计算方法，但是《微观经济学：现代观点》（范里安）中并未提到这部分知识点（数学上感觉平新乔门槛挺高的），因此在此补充记录。,微观经济学 | 经济学习 | 罗伊、霍太林、谢泼德经济计算式 | 总体理解框架 | 一、谢泼德引理（Shephard's lemma | **生产理论，成本最小化**,经济学与方法,"{""经济学与方法"": 19, ""软件工具与技术"": 0, ""文学影视与文艺评论"": 0, ""旅行调研与地方观察"": 0, ""社会观察与思想随笔"": 2}",学术分析,"{""教程指南"": 3, ""学术分析"": 19, ""评论随笔"": 0, ""文艺评论"": 0, ""游记纪实"": 0}",1229,34,36.15
content\posts\收敛：从“算式的极限”到“增长的极限”.zh-cn.md,收敛：从“算式的极限”到“增长的极限”,收敛：从算式的极限到增长的极限,shounian,https://blog.huaxiangshan.com/zh-cn/posts/shounian/,2023-10-01 18:59:15,2023,10,Stata,经济学习,GPT 总结: 这篇文章探讨了收敛在数学、概率论和经济学领域的应用和含义。从数学的极限和收敛开始，逐步展开到概率论中的大数定理和中心极限定理，最后深入到经济学中的收敛效应和计量统计中的收敛检验和俱乐部趋同分析。,Stata | 经济学习 | 一、高数: 极限和收敛 | 二、概率论：大数定理与中心极限 | 三、经济学意义：收敛效应 | 1、收敛假说（趋同,经济学与方法,"{""经济学与方法"": 89, ""软件工具与技术"": 4, ""文学影视与文艺评论"": 0, ""旅行调研与地方观察"": 0, ""社会观察与思想随笔"": 6}",学术分析,"{""教程指南"": 1, ""学术分析"": 16, ""评论随笔"": 3, ""文艺评论"": 0, ""游记纪实"": 0}",977,63,15.51
content\posts\河边的错误是什么.zh-cn.md,河边的错误是什么,《河边的错误》是什么,h,https://blog.huaxiangshan.com/zh-cn/posts/h/,2023-10-29 18:52:19,2023,10,电影,影视剧,Only the River Flows,电影 | 影视剧 | 河边的错误是什么？ | 宇宙探索编辑部 | river | only,文学影视与文艺评论,"{""经济学与方法"": 0, ""软件工具与技术"": 0, ""文学影视与文艺评论"": 19, ""旅行调研与地方观察"": 0, ""社会观察与思想随笔"": 0}",评论随笔,"{""教程指南"": 0, ""学术分析"": 0, ""评论随笔"": 20, ""文艺评论"": 7, ""游记纪实"": 0}",138,47,2.94
content\posts\客观赋权：PCA、CRITIC、EWM、COV.zh-cn.md,客观赋权：PCA、CRITIC、EWM、COV,客观赋权：PCA、CRITIC、EWM、COV,kgfq,https://blog.huaxiangshan.com/zh-cn/posts/kgfq/,2023-11-20 15:27:17,2023,11,Stata,软件工具 | 经济学习,经济学赋权打分方法：PCA、CRITIC、EWM、COV。并且记录了一些易错点,Stata | 软件工具 | 经济学习 | 一、“标准化”和“归一化 | 1、归一化（**Normalization** | 1-1、归一化 stata 代码,软件工具与技术,"{""经济学与方法"": 9, ""软件工具与技术"": 24, ""文学影视与文艺评论"": 0, ""旅行调研与地方观察"": 0, ""社会观察与思想随笔"": 2}",学术分析,"{""教程指南"": 10, ""学术分析"": 30, ""评论随笔"": 0, ""文艺评论"": 0, ""游记纪实"": 0}",769,60,12.82
content\posts\真物与伪物.zh-cn.md,真物与伪物,动机论：二次元的真物与伪物,zyw,https://blog.huaxiangshan.com/zh-cn/posts/zyw/,2023-12-10 16:08:54,2023,12,二次元,影视剧,真物和伪物是二次元作品中常见的讨论。个人认为想清这个问题对正确认识功利性的心态很重要,二次元 | 影视剧 | 伪物”，事在人为 | 真物和伪物 | 歌颂伪物的立场 | 第一层含义,社会观察与思想随笔,"{""经济学与方法"": 0, ""软件工具与技术"": 0, ""文学影视与文艺评论"": 0, ""旅行调研与地方观察"": 0, ""社会观察与思想随笔"": 70}",评论随笔,"{""教程指南"": 1, ""学术分析"": 5, ""评论随笔"": 63, ""文艺评论"": 4, ""游记纪实"": 0}",458,116,3.95
content\posts\王小波.zh-cn.md,王小波,经世济民 or 因为山在那,wxb,https://blog.huaxiangshan.com/zh-cn/posts/wxb/,2023-12-10 16:08:54,2023,12,阅读 | 反思,阅读,GPT 总结: 全文借王小波作品和科学精神，探讨了学术追求的本质。强调了追求解答的动力来自于好奇心和求知欲，而不必追求功利或实用性。,阅读 | 反思 | gpt | 经世济民 or 因为山在那,社会观察与思想随笔,"{""经济学与方法"": 2, ""软件工具与技术"": 0, ""文学影视与文艺评论"": 5, ""旅行调研与地方观察"": 0, ""社会观察与思想随笔"": 8}",评论随笔,"{""教程指南"": 0, ""学术分析"": 6, ""评论随笔"": 10, ""文艺评论"": 6, ""游记纪实"": 0}",111,25,4.44
content\posts\计量数据的分组与测度（STATA版）.zh-cn.md,计量数据的分组与测度（STATA版）,计量数据的分组与测度（STATA 版）,ji_sata,https://blog.huaxiangshan.com/zh-cn/posts/ji_sata/,2023-12-26 13:35:20,2023,12,因果效应 | Stata,软件工具 | 经济学习,计量经济学学习笔记，理解因果关系，区别混合、固定、随机效应和 stata 操作。也记录下个人对机制检验的理解，这涉及交互项的相关探讨,因果效应 | Stata | 软件工具 | 经济学习 | 一、统计学的悖论 | 辛普森悖论,经济学与方法,"{""经济学与方法"": 24, ""软件工具与技术"": 19, ""文学影视与文艺评论"": 0, ""旅行调研与地方观察"": 0, ""社会观察与思想随笔"": 3}",学术分析,"{""教程指南"": 7, ""学术分析"": 52, ""评论随笔"": 3, ""文艺评论"": 0, ""游记纪实"": 0}",2038,176,11.58
content\posts\Zotero：RSS聚合订阅.zh-cn.md,Zotero：RSS聚合订阅,Zotero：RSS 聚合订阅,zoterorss,https://blog.huaxiangshan.com/zh-cn/posts/zoterorss/,2023-12-27 20:09:27,2023,12,Zotero | 文献阅读 | RSS,软件工具 | 经济学习,GPT 总结: 对于经济期刊的 RSS 订阅方法进行了介绍，包括了如何在 Zotero 中导入订阅以及国内外期刊的不同订阅类型。提供了许多知名期刊的直接订阅链接，并提及了一些间接订阅方式。此外，还列举了一些有趣的 RSS 源，如知乎每日精选、陶哲轩的博客和 Greg Mankiw 的博客。,Zotero | 文献阅读 | RSS | 软件工具 | 经济学习 | 省流列表,软件工具与技术,"{""经济学与方法"": 10, ""软件工具与技术"": 36, ""文学影视与文艺评论"": 0, ""旅行调研与地方观察"": 0, ""社会观察与思想随笔"": 1}",教程指南,"{""教程指南"": 11, ""学术分析"": 10, ""评论随笔"": 0, ""文艺评论"": 0, ""游记纪实"": 0}",243,21,11.57
content\posts\HLT生命周期与工资分解.zh-cn.md,HLT生命周期与工资分解,HLT: 生命周期与工资分解,hlt,https://blog.huaxiangshan.com/zh-cn/posts/hlt/,2024-01-19 09:58:30,2024,1,文献阅读 | Stata,经济学习,GPT 总结: 提供了一篇关于生命周期工资分解理论的深度探讨，包括了 Deaton 的方法和 HLT 法。这篇文章详细地介绍了分析工资在个体生命周期内的变化的方法和技术，以及如何处理共线性问题和解释时间、队列和年龄效应。文章还提到了使用虚拟变量和高阶差分法来估计这些效应，以及如何利用 HLT 法来研究工资增长中的时间效应。,文献阅读 | Stata | 经济学习 | 生命周期与工资分解 | APC 面板与生命周期 | Deaton 的方法（数理分解,经济学与方法,"{""经济学与方法"": 22, ""软件工具与技术"": 4, ""文学影视与文艺评论"": 0, ""旅行调研与地方观察"": 0, ""社会观察与思想随笔"": 1}",学术分析,"{""教程指南"": 6, ""学术分析"": 28, ""评论随笔"": 5, ""文艺评论"": 0, ""游记纪实"": 0}",1991,96,20.74
content\posts\聚合订阅：影视、漫画、文献自由.zh-cn.md,聚合订阅：影视、漫画、文献自由,聚合订阅：影视、漫画、文献、音乐自由,dingyue,https://blog.huaxiangshan.com/zh-cn/posts/dingyue/,2024-02-20 16:14:29,2024,2,软件推荐,软件工具,介绍软件进行聚合订阅，将各类网站的影视剧、漫画资源聚集在一起集中管理，实现影视、漫画、文献自由,软件推荐 | 软件工具 | 影视剧：TVbox | 非电视端 | 电视安装 | 漫画：Tachiyomi,软件工具与技术,"{""经济学与方法"": 0, ""软件工具与技术"": 28, ""文学影视与文艺评论"": 1, ""旅行调研与地方观察"": 0, ""社会观察与思想随笔"": 0}",教程指南,"{""教程指南"": 27, ""学术分析"": 0, ""评论随笔"": 0, ""文艺评论"": 5, ""游记纪实"": 0}",134,36,3.72
content\posts\因果效应.zh-cn.md,因果效应,因果效应,effect,https://blog.huaxiangshan.com/zh-cn/posts/effect/,2024-02-28 18:27:40,2024,2,文献阅读 | 因果效应,经济学习,本文是因果推断方法识别效应学习笔记，介绍 ATE、ATT、RCT、ITT、LATE 的关系,文献阅读 | 因果效应 | 经济学习 | 因果框架有哪些？ | 引言：社会科学和自然科学面临的统计难题 | 从 ATE 到 ATT,经济学与方法,"{""经济学与方法"": 37, ""软件工具与技术"": 0, ""文学影视与文艺评论"": 0, ""旅行调研与地方观察"": 0, ""社会观察与思想随笔"": 12}",学术分析,"{""教程指南"": 3, ""学术分析"": 47, ""评论随笔"": 10, ""文艺评论"": 1, ""游记纪实"": 0}",1354,112,12.09
content\posts\Hugo搭建Giscus评论区.zh-cn.md,Hugo搭建Giscus评论区,Hugo 搭建 Giscus 评论区,comment,https://blog.huaxiangshan.com/zh-cn/posts/comment/,2024-03-05 15:45:18,2024,3,Hugo,Hugo 搭建记录,搭建 HUGO 的 Giscus 评论区,Hugo | 创建 Github 仓库作为评论区 | 进入 Giscus 官网获取调用 | 修改 toml 配置 | 你可以参考官方文档来使用下列配置 | <your_repo> 对应官网的 data-repo,软件工具与技术,"{""经济学与方法"": 0, ""软件工具与技术"": 54, ""文学影视与文艺评论"": 0, ""旅行调研与地方观察"": 0, ""社会观察与思想随笔"": 0}",教程指南,"{""教程指南"": 10, ""学术分析"": 0, ""评论随笔"": 0, ""文艺评论"": 9, ""游记纪实"": 0}",98,15,6.53
content\posts\Hugo自定义字体.zh-cn.md,Hugo自定义字体,Hugo 美化 1 ：自定义字体,font,https://blog.huaxiangshan.com/zh-cn/posts/font/,2024-03-05 22:11:48,2024,3,Hugo,Hugo 搭建记录,介绍 hugo loveit 主题切换字体的方法,Hugo | 两种修改方法 | 设置字体变量 | 认识参数 | 字体变量参数 | 谷歌字体 API,软件工具与技术,"{""经济学与方法"": 0, ""软件工具与技术"": 26, ""文学影视与文艺评论"": 0, ""旅行调研与地方观察"": 0, ""社会观察与思想随笔"": 0}",教程指南,"{""教程指南"": 6, ""学术分析"": 0, ""评论随笔"": 3, ""文艺评论"": 0, ""游记纪实"": 0}",178,36,4.94
content\posts\stata爬虫学习.zh-cn.md,stata爬虫学习,Stata: 爬虫学习,pachong,https://blog.huaxiangshan.com/zh-cn/posts/pachong/,2024-03-06 13:19:39,2024,3,爬虫 | Stata,软件工具 | 经济学习,GPT 总结: 这篇文章介绍了使用 Stata 进行网页爬取的方法和流程。首先，文章解释了什么是网页爬虫以及为什么爬取网页源代码是关键的步骤。然后，通过一个实例，详细介绍了如何使用 Stata 从网页中提取数据，并进行初步的清洗和处理。文章还提到了爬取多页数据的方法，并附上了一些参考资料和论文。,爬虫 | Stata | 软件工具 | 经济学习 | 引入 | 一、抓取网页源代码,软件工具与技术,"{""经济学与方法"": 8, ""软件工具与技术"": 75, ""文学影视与文艺评论"": 0, ""旅行调研与地方观察"": 0, ""社会观察与思想随笔"": 0}",学术分析,"{""教程指南"": 19, ""学术分析"": 27, ""评论随笔"": 0, ""文艺评论"": 0, ""游记纪实"": 0}",264,34,7.76
content\posts\2024观剧总结和“命运”相处的几种方式.zh-cn.md,2024观剧总结和“命运”相处的几种方式,2024 观剧总结：和命运相处的几种方式,kj_2024,https://blog.huaxiangshan.com/zh-cn/posts/kj_2024/,2024-03-08 00:00:58,2024,3,电视剧,影视剧,GPT 总结: 这篇文章通过分析《繁花》、《漫长的季节》、《河边的错误》和《宇宙探索编辑部》等作品，深入探讨了命运这一主题。文章指出，人们面对命运时可能会陷入疯狂、妥协或接受，强调了在生存中保持积极态度和展望未来的重要性。,电视剧 | 影视剧 | 繁花》和《漫长的季节 | 河边的错误》和《宇宙探索编辑部 | 漫长的季节》是和解 | 繁花》也是和解,文学影视与文艺评论,"{""经济学与方法"": 0, ""软件工具与技术"": 0, ""文学影视与文艺评论"": 36, ""旅行调研与地方观察"": 1, ""社会观察与思想随笔"": 0}",评论随笔,"{""教程指南"": 0, ""学术分析"": 1, ""评论随笔"": 31, ""文艺评论"": 10, ""游记纪实"": 1}",227,56,4.05
content\posts\速通黄鹤楼.zh-cn.md,速通黄鹤楼,天河机场转机攻略：速通黄鹤楼（6 h),hxl,https://blog.huaxiangshan.com/zh-cn/posts/hxl/,2024-03-10 16:08:54,2024,3,旅游,游记,GPT 总结: 这篇游记简洁概括了在武汉机场中转的经历：通过提前准备享受中转服务，乘坐地铁快速前往黄鹤楼，参观后返回机场办理登机手续，总结了如何在 5 小时内完成黄鹤楼的游览。,旅游 | 游记 | 一、机场准备篇 | 二、地铁前往黄鹤楼 | 三、参观黄鹤楼 | 四、省流总结：5 h 足够速通黄鹤楼,旅行调研与地方观察,"{""经济学与方法"": 0, ""软件工具与技术"": 0, ""文学影视与文艺评论"": 0, ""旅行调研与地方观察"": 24, ""社会观察与思想随笔"": 0}",游记纪实,"{""教程指南"": 5, ""学术分析"": 5, ""评论随笔"": 0, ""文艺评论"": 0, ""游记纪实"": 27}",148,27,5.48
content\posts\anaconda.zh-cn.md,anaconda,[anaconda 报错解决]anaconda bytes object has no attribute get,anaconda,https://blog.huaxiangshan.com/zh-cn/posts/anaconda/,2024-03-10 20:27:30,2024,3,Anaconda,软件工具,[anaconda error]anaconda bytes object has no attribute get,Anaconda | 软件工具 | anaconda | java | get | windows,软件工具与技术,"{""经济学与方法"": 0, ""软件工具与技术"": 46, ""文学影视与文艺评论"": 0, ""旅行调研与地方观察"": 0, ""社会观察与思想随笔"": 0}",教程指南,"{""教程指南"": 6, ""学术分析"": 0, ""评论随笔"": 0, ""文艺评论"": 0, ""游记纪实"": 0}",57,10,5.7
content\posts\stata输出Word表格.zh-cn.md,stata输出Word表格,Stata 输出 Word 表格,regout,https://blog.huaxiangshan.com/zh-cn/posts/regout/,2024-03-13 17:33:02,2024,3,Stata,经济学习 | 软件工具,GPT 总结: 本文介绍了经济实证论文中常用的表格输出命令，包括 estout、asdoc、logout、outreg 2、putdocx 系列和 etable。每种命令都有其特点和适用场景，如 estout 适用于全能的自定义效果和 LaTeX 输出，asdoc 主要用于描述性统计，logout 支持多种统计结果输出，outreg 2 适用于美观的回归结果输出，putdocx 系列方便将多个表格输出到一个 Word 文件中，而 etable 在 Stata 17 中自带，支持中文编码。通过示例代码展示了每种命令的基本用法和输出效果，有助于读者选择合适的命令进行表格输出。,Stata | 经济学习 | 软件工具 | Estout: 全能，latex 输出 | Asdoc：描述统计 | Sum2doc：描述统计,软件工具与技术,"{""经济学与方法"": 9, ""软件工具与技术"": 31, ""文学影视与文艺评论"": 0, ""旅行调研与地方观察"": 0, ""社会观察与思想随笔"": 0}",教程指南,"{""教程指南"": 30, ""学术分析"": 13, ""评论随笔"": 4, ""文艺评论"": 0, ""游记纪实"": 0}",116,23,5.04
content\posts\中文博客目录跳转失败.zh-cn.md,中文博客目录跳转失败,中文博客目录跳转失败,toc,https://blog.huaxiangshan.com/zh-cn/posts/toc/,2024-03-21 17:59:49,2024,3,Hugo,Hugo 搭建记录,hugo 会为每个博客文章生成目录，并且目录标题应该能实现点击跳转。几天前我发现我的博客，中文页面不能实现标题跳转，英文依旧可以。这里记录下解决方法,Hugo | 问题 1 | 原因 | 解决方法 | 问题 2 | hugo,软件工具与技术,"{""经济学与方法"": 0, ""软件工具与技术"": 25, ""文学影视与文艺评论"": 0, ""旅行调研与地方观察"": 0, ""社会观察与思想随笔"": 0}",教程指南,"{""教程指南"": 3, ""学术分析"": 0, ""评论随笔"": 0, ""文艺评论"": 1, ""游记纪实"": 0}",65,14,4.64
content\posts\Stata绘制Gis着色图.zh-cn.md,Stata绘制Gis着色图,Stata 绘制 Gis 着色图,statagis,https://blog.huaxiangshan.com/zh-cn/posts/statagis/,2024-03-22 19:39:56,2024,3,Stata | Gis,软件工具 | 经济学习,使用 Stata 绘制 GIS 着色图，包括九段线、省县市的模板,Stata | Gis | 软件工具 | 经济学习 | 获取地图文件 | 下载相关命令,软件工具与技术,"{""经济学与方法"": 2, ""软件工具与技术"": 46, ""文学影视与文艺评论"": 0, ""旅行调研与地方观察"": 0, ""社会观察与思想随笔"": 0}",学术分析,"{""教程指南"": 35, ""学术分析"": 39, ""评论随笔"": 0, ""文艺评论"": 0, ""游记纪实"": 0}",444,101,4.4
content\posts\反思：鄙视链中的经济学习心态.zh-cn.md,反思：鄙视链中的经济学习心态,反思：鄙视链中的经济学习心态,fs,https://blog.huaxiangshan.com/zh-cn/posts/fs/,2024-04-09 21:45:16,2024,4,反思,经济学习,反思一下经济学学习态度——什么是热情？什么是学科之爱？记录下我自己的经济学学习鄙视链。,反思 | 经济学习 | 理论框架上 | 论文方法上 | 论文认知上 | 总结,经济学与方法,"{""经济学与方法"": 37, ""软件工具与技术"": 5, ""文学影视与文艺评论"": 2, ""旅行调研与地方观察"": 0, ""社会观察与思想随笔"": 15}",学术分析,"{""教程指南"": 1, ""学术分析"": 45, ""评论随笔"": 11, ""文艺评论"": 0, ""游记纪实"": 0}",199,41,4.85
content\posts\发展经济学：超边际分析（导论）（杨小凯).zh-cn.md,发展经济学：超边际分析（导论）（杨小凯),发展经济学：边际分析与超边际分析 (导论),yxk1,https://blog.huaxiangshan.com/zh-cn/posts/yxk1/,2024-04-10 20:20:20,2024,4,宏观经济学 | 发展经济学,经济学习,在《发展经济学：边际分析与超边际分析》中，杨小凯按照自己的理解重塑了发展经济学的理论历史。本文将概括其导论部分，并且补充一些个人觉得值得讨论的点。,宏观经济学 | 发展经济学 | 经济学习 | 一、思想来源：马克思 vs 亚当斯密 | 三、反驳凯恩斯主义 | 四、何为超边际分析,经济学与方法,"{""经济学与方法"": 83, ""软件工具与技术"": 0, ""文学影视与文艺评论"": 0, ""旅行调研与地方观察"": 0, ""社会观察与思想随笔"": 7}",学术分析,"{""教程指南"": 4, ""学术分析"": 64, ""评论随笔"": 6, ""文艺评论"": 0, ""游记纪实"": 0}",306,80,3.83
content\posts\杨小凯.zh-cn.md,杨小凯,转载：杨小凯《我的一生》,yxk2,https://blog.huaxiangshan.com/zh-cn/posts/yxk2/,2024-04-17 09:33:21,2024,4,阅读 | 转载,阅读,2003 年《经济观察报》对杨小凯的采访。,阅读 | 转载 | 中国向何处去？ | 十年铁窗 | 牛刀小试 | 潜龙腾渊,经济学与方法,"{""经济学与方法"": 12, ""软件工具与技术"": 0, ""文学影视与文艺评论"": 0, ""旅行调研与地方观察"": 1, ""社会观察与思想随笔"": 7}",学术分析,"{""教程指南"": 3, ""学术分析"": 21, ""评论随笔"": 4, ""文艺评论"": 0, ""游记纪实"": 0}",413,116,3.56
content\posts\R语言基础.zh-cn.md,R语言基础,R 语言基础 1：界面介绍与语法结构,r1,https://blog.huaxiangshan.com/zh-cn/posts/r1/,2024-04-20 10:11:52,2024,4,R,软件工具,R 语言的基本代码引入，包含下载、教程、数据类型结构、语法、数据导入导出的代码,软件工具 | 教程推荐 | 个人推荐 | 电子讲义教材 | R 语言下载 | R studio 界面与准备,软件工具与技术,"{""经济学与方法"": 6, ""软件工具与技术"": 38, ""文学影视与文艺评论"": 0, ""旅行调研与地方观察"": 0, ""社会观察与思想随笔"": 0}",教程指南,"{""教程指南"": 38, ""学术分析"": 30, ""评论随笔"": 0, ""文艺评论"": 0, ""游记纪实"": 0}",300,28,10.71
content\posts\R语言基础2.zh-cn.md,R语言基础2,R 语言笔记 2 : 数据清洗、绘图与计量,r2,https://blog.huaxiangshan.com/zh-cn/posts/r2/,2024-04-22 01:01:52,2024,4,R,软件工具,R 语言常用代码，主要记录数据清洗、回归统计、常用画图代码,软件工具 | 数据清洗 | 工作目录 | 清楚所有变量 | 查看当前目录 | 获取文件路径，此时会打开电脑文件手动寻找文件，然后点击后会返回文件路径,软件工具与技术,"{""经济学与方法"": 17, ""软件工具与技术"": 26, ""文学影视与文艺评论"": 0, ""旅行调研与地方观察"": 0, ""社会观察与思想随笔"": 0}",学术分析,"{""教程指南"": 36, ""学术分析"": 47, ""评论随笔"": 0, ""文艺评论"": 0, ""游记纪实"": 0}",284,34,8.35
content\posts\Zotero7Betternote模板.zh-cn.md,Zotero7Betternote模板,Zotero 7 Better note 实证经济学笔记模板,zoteronote,https://blog.huaxiangshan.com/zh-cn/posts/zoteronote/,2024-05-06 15:39:02,2024,5,Zotero | 文献阅读 | 软件推荐,经济学习 | 软件工具,随着 zotero 7 版本趋于稳定，个人把 zotero 经典 sci 文献阅读模板修改成更适合实证论文的笔记版本,Zotero | 文献阅读 | 软件推荐 | 经济学习 | 软件工具 | 一、Better note 的安装,软件工具与技术,"{""经济学与方法"": 18, ""软件工具与技术"": 89, ""文学影视与文艺评论"": 0, ""旅行调研与地方观察"": 0, ""社会观察与思想随笔"": 2}",学术分析,"{""教程指南"": 15, ""学术分析"": 43, ""评论随笔"": 5, ""文艺评论"": 0, ""游记纪实"": 0}",250,42,5.95
content\posts\变分法速通.zh-cn.md,变分法速通,变分法学习笔记,bff,https://blog.huaxiangshan.com/zh-cn/posts/bff/,2024-05-07 00:02:15,2024,5,变分法 | 动态优化,经济学习,参考《动态最优化基础》（蒋中一）学习变分法，并介绍了变分法相关的悬链问题、最速降线、垄断厂商定价中的应用。,变分法 | 动态优化 | 经济学习 | 泛函 | 悬链问题 | 最速降线问题,经济学与方法,"{""经济学与方法"": 3, ""软件工具与技术"": 0, ""文学影视与文艺评论"": 0, ""旅行调研与地方观察"": 0, ""社会观察与思想随笔"": 2}",学术分析,"{""教程指南"": 5, ""学术分析"": 11, ""评论随笔"": 1, ""文艺评论"": 0, ""游记纪实"": 0}",1168,26,44.92
content\posts\包含0值的对数化是否可靠.zh-cn.md,包含0值的对数化是否可靠,计量经济学：Log (y+1) 的转化是否可靠,log0,https://blog.huaxiangshan.com/zh-cn/posts/log0/,2024-05-12 17:59:49,2024,5,文献阅读,经济学习,《Logs with Zeros? Some Problems and Solutions 》文献阅读。当数据解释变量包含 0 时，log (y+1) 的对数化在处理效应估计上有一些局限。,文献阅读 | 经济学习 | Log （y+1） 的转化是否可靠 | 摘要 | 省流的概括 | 代码例子,经济学与方法,"{""经济学与方法"": 19, ""软件工具与技术"": 4, ""文学影视与文艺评论"": 0, ""旅行调研与地方观察"": 0, ""社会观察与思想随笔"": 2}",学术分析,"{""教程指南"": 2, ""学术分析"": 27, ""评论随笔"": 3, ""文艺评论"": 0, ""游记纪实"": 0}",527,26,20.27
content\posts\Todek远程控制.zh-cn.md,Todek远程控制,Todesk 平板远程控制电脑的声音问题,todesk,https://blog.huaxiangshan.com/zh-cn/posts/todesk/,2024-05-19 10:11:52,2024,5,Todesk,软件工具,Todesk 平板远程控制电脑的声音问题,Todesk | 软件工具 | 电脑端 | 平板端 | 注意事项 | 串流方案简评,软件工具与技术,"{""经济学与方法"": 0, ""软件工具与技术"": 20, ""文学影视与文艺评论"": 0, ""旅行调研与地方观察"": 0, ""社会观察与思想随笔"": 5}",教程指南,"{""教程指南"": 11, ""学术分析"": 0, ""评论随笔"": 0, ""文艺评论"": 0, ""游记纪实"": 0}",144,25,5.76
content\posts\Obsidian配合文献阅读和博客.zh-cn.md,Obsidian配合文献阅读和博客,Obsidian 管理文献阅读和博客文档,ob,https://blog.huaxiangshan.com/zh-cn/posts/ob/,2024-05-24 15:52:19,2024,5,Zotero | Hugo | Obsdian,软件工具,介绍个人使用 Obsidian 的体验，这里结合 Hugo 博客文档管理和 Zotero 文献阅读谈论使用体验,Zotero | Hugo | Obsdian | 软件工具 | Obsidian 和插件使用 | 软件下载,软件工具与技术,"{""经济学与方法"": 3, ""软件工具与技术"": 197, ""文学影视与文艺评论"": 0, ""旅行调研与地方观察"": 0, ""社会观察与思想随笔"": 0}",教程指南,"{""教程指南"": 75, ""学术分析"": 29, ""评论随笔"": 0, ""文艺评论"": 0, ""游记纪实"": 0}",526,84,6.26
content\posts\调研小记：夜爬夜长城.zh-cn.md,调研小记：夜爬夜长城,调研小记 2：密云野长城,mycc,https://blog.huaxiangshan.com/zh-cn/posts/mycc/,2024-06-04 16:52:19,2024,6,旅游 | 调研,游记,调研的路上跟着同学一起去爬了密云区卧虎山野长城,旅游 | 调研 | 游记 | 古北水口镇 | 卧虎山长城 | 密云野长城,旅行调研与地方观察,"{""经济学与方法"": 2, ""软件工具与技术"": 0, ""文学影视与文艺评论"": 0, ""旅行调研与地方观察"": 22, ""社会观察与思想随笔"": 0}",游记纪实,"{""教程指南"": 0, ""学术分析"": 1, ""评论随笔"": 6, ""文艺评论"": 0, ""游记纪实"": 26}",219,78,2.81
content\posts\调研小记：山与红玫瑰.zh-cn.md,调研小记：山与红玫瑰,调研小记 3：妙峰山与红玫瑰,rose,https://blog.huaxiangshan.com/zh-cn/posts/rose/,2024-06-17 16:52:19,2024,6,旅游 | 调研,游记,调研门头沟涧沟村，这里群山环绕，有山有庙，也有红玫瑰与徒步马拉松爱好者,旅游 | 调研 | 游记 | 山与徒步者 | 三峰连穿 | 妙峰山,旅行调研与地方观察,"{""经济学与方法"": 0, ""软件工具与技术"": 0, ""文学影视与文艺评论"": 0, ""旅行调研与地方观察"": 11, ""社会观察与思想随笔"": 0}",游记纪实,"{""教程指南"": 0, ""学术分析"": 0, ""评论随笔"": 2, ""文艺评论"": 0, ""游记纪实"": 14}",148,45,3.29
content\posts\stata事件研究法.zh-cn.md,stata事件研究法,计量：事件研究法 1,event1,https://blog.huaxiangshan.com/zh-cn/posts/event1/,2024-06-20 18:52:19,2024,6,因果效应 | 文献阅读,经济学习,参考《An Introductory Guide to Event Study Models》总结下事件研究法的使用。,因果效应 | 文献阅读 | 经济学习 | 经济学如何研究事件冲击？ | 事件研究法的“亿”点细节 | 回归估计式,经济学与方法,"{""经济学与方法"": 30, ""软件工具与技术"": 1, ""文学影视与文艺评论"": 0, ""旅行调研与地方观察"": 0, ""社会观察与思想随笔"": 1}",学术分析,"{""教程指南"": 9, ""学术分析"": 39, ""评论随笔"": 1, ""文艺评论"": 0, ""游记纪实"": 0}",623,115,5.42
content\posts\stata事件研究法2.zh-cn.md,stata事件研究法2,计量：事件研究法 2,event2,https://blog.huaxiangshan.com/zh-cn/posts/event2/,2024-06-24 07:52:19,2024,6,因果效应 | 文献阅读,经济学习,参考《An Introductory Guide to Event Study Models》总结下事件研究法的代码使用。,因果效应 | 文献阅读 | 经济学习 | 附录 A：区分 DID 和 Timing-base | 附录 B：Timing-based 的参数限制 | 附录 C：估计器的选择,经济学与方法,"{""经济学与方法"": 18, ""软件工具与技术"": 15, ""文学影视与文艺评论"": 0, ""旅行调研与地方观察"": 0, ""社会观察与思想随笔"": 0}",学术分析,"{""教程指南"": 4, ""学术分析"": 28, ""评论随笔"": 0, ""文艺评论"": 0, ""游记纪实"": 0}",427,68,6.28
content\posts\养老金和生育率.zh-cn.md,养老金和生育率,养老金和生育率,paf,https://blog.huaxiangshan.com/zh-cn/posts/paf/,2024-07-13 17:52:19,2024,7,文献阅读,经济学习,记录 AER 文献《Pensions and Fertility: Microeconomic Evidence》的学习笔记。基于微观数据研究了养老金和生育率的关系。养老金覆盖扩大会降低生育率。,文献阅读 | 经济学习 | 精华概括 | 理论和现实背景 | 女性年龄 | 子女数量结构,经济学与方法,"{""经济学与方法"": 46, ""软件工具与技术"": 0, ""文学影视与文艺评论"": 0, ""旅行调研与地方观察"": 0, ""社会观察与思想随笔"": 0}",学术分析,"{""教程指南"": 10, ""学术分析"": 38, ""评论随笔"": 6, ""文艺评论"": 0, ""游记纪实"": 0}",812,101,8.04
content\posts\逆转裁判.zh-cn.md,逆转裁判,逆转裁判游戏测评：逆转之道，就在其中,nzcp,https://blog.huaxiangshan.com/zh-cn/posts/nzcp/,2024-07-25 18:52:19,2024,7,游戏,游戏评论,《逆转裁判：成步堂精选集》游戏评测,游戏 | 哲学意味大于逻辑意味 | 有节奏的表达 | 文字冒险永不完结 | 相关链接 | bgm,文学影视与文艺评论,"{""经济学与方法"": 0, ""软件工具与技术"": 0, ""文学影视与文艺评论"": 15, ""旅行调研与地方观察"": 0, ""社会观察与思想随笔"": 0}",学术分析,"{""教程指南"": 2, ""学术分析"": 5, ""评论随笔"": 4, ""文艺评论"": 5, ""游记纪实"": 0}",132,39,3.38
content\posts\Pytorch.zh-cn.md,Pytorch,Pytorch 配置报错：[WinError 126] The specified module could not be found.,pytorch,https://blog.huaxiangshan.com/zh-cn/posts/pytorch/,2024-07-26 18:52:19,2024,7,Pytorch | Anaconda,软件工具,Pytorch 安装环境报错：[WinError 126] The specified module could not be found。问题报错与解决,Pytorch | Anaconda | 软件工具 | CUDA 安装 | 版本匹配 | CUDA 下载,软件工具与技术,"{""经济学与方法"": 0, ""软件工具与技术"": 61, ""文学影视与文艺评论"": 0, ""旅行调研与地方观察"": 0, ""社会观察与思想随笔"": 0}",教程指南,"{""教程指南"": 20, ""学术分析"": 1, ""评论随笔"": 0, ""文艺评论"": 0, ""游记纪实"": 0}",96,17,5.65
content\posts\Pytorch2.zh-cn.md,Pytorch2,anaconda 的卸载与安装,pytorch2,https://blog.huaxiangshan.com/zh-cn/posts/pytorch2/,2024-08-09 18:52:19,2024,8,Pytorch | Anaconda | Python,软件工具,anaconda 的卸载、安装、设置。,Pytorch | Anaconda | Python | 软件工具 | 卸载 anaconda | 安装,软件工具与技术,"{""经济学与方法"": 0, ""软件工具与技术"": 100, ""文学影视与文艺评论"": 0, ""旅行调研与地方观察"": 0, ""社会观察与思想随笔"": 0}",教程指南,"{""教程指南"": 33, ""学术分析"": 1, ""评论随笔"": 0, ""文艺评论"": 0, ""游记纪实"": 0}",163,33,4.94
content\posts\Hugo中英文建站.zh-cn.md,Hugo中英文建站,hugo 美化 2,runtime,https://blog.huaxiangshan.com/zh-cn/posts/runtime/,2024-08-10 15:45:18,2024,8,Hugo,Hugo 搭建记录,在博客页脚添加总字数统计和建站时间并且能自动中英切换。,Hugo | 自定义字体 | 建站时间加多语言设置 | 总字数 | === footer/wordcount === | hugo,软件工具与技术,"{""经济学与方法"": 1, ""软件工具与技术"": 48, ""文学影视与文艺评论"": 0, ""旅行调研与地方观察"": 0, ""社会观察与思想随笔"": 3}",教程指南,"{""教程指南"": 16, ""学术分析"": 6, ""评论随笔"": 0, ""文艺评论"": 2, ""游记纪实"": 0}",324,38,8.53
content\posts\经济学杂谈.zh-cn.md,经济学杂谈,实证经济学：符合直觉≠显而易见,fs2,https://blog.huaxiangshan.com/zh-cn/posts/fs2/,2024-08-20 18:52:19,2024,8,反思,经济学习,人们总说实证经济学结论总是显而易见，于是毫无意义。本文试图反驳这个看法。,反思 | 经济学习 | 符合直觉的结论会产生矛盾 | 符合直觉的结论不易被联想 | 直觉背后藏着反直觉 | 关于直觉,经济学与方法,"{""经济学与方法"": 18, ""软件工具与技术"": 1, ""文学影视与文艺评论"": 3, ""旅行调研与地方观察"": 0, ""社会观察与思想随笔"": 7}",学术分析,"{""教程指南"": 2, ""学术分析"": 25, ""评论随笔"": 11, ""文艺评论"": 0, ""游记纪实"": 0}",189,64,2.95
content\posts\黑神话悟空.zh-cn.md,黑神话悟空,《黑神话：悟空》里的老猴子到底是谁？,wk,https://blog.huaxiangshan.com/zh-cn/posts/wk/,2024-09-07 18:52:19,2024,9,游戏,游戏评论,综合神影图可以看出，《黑神话悟空》中的老猴子是金蝉子。,游戏 | 为什么一定是金蝉子或相关身份 | 证据一：求真的追求 | 证据二：对天命人的态度 | 证据三：佛教装饰与动作 | 为什么不是菩萨、菩提,文学影视与文艺评论,"{""经济学与方法"": 0, ""软件工具与技术"": 0, ""文学影视与文艺评论"": 6, ""旅行调研与地方观察"": 0, ""社会观察与思想随笔"": 2}",学术分析,"{""教程指南"": 2, ""学术分析"": 7, ""评论随笔"": 6, ""文艺评论"": 6, ""游记纪实"": 0}",285,93,3.06
content\posts\实证经济学：审稿经验.zh-cn.md,实证经济学：审稿经验,实证经济学：审稿经验,sg,https://blog.huaxiangshan.com/zh-cn/posts/sg/,2024-09-10 21:45:16,2024,9,文献阅读,经济学习,记录下参与了一点点点经济学审稿工作经验。,文献阅读 | 经济学习 | 个人流程 | 开头与正文 | 选题和创新性 | 文献综述,经济学与方法,"{""经济学与方法"": 62, ""软件工具与技术"": 0, ""文学影视与文艺评论"": 0, ""旅行调研与地方观察"": 0, ""社会观察与思想随笔"": 10}",学术分析,"{""教程指南"": 5, ""学术分析"": 61, ""评论随笔"": 6, ""文艺评论"": 0, ""游记纪实"": 0}",301,83,3.63
content\posts\跨越边界的社区.zh-cn.md,跨越边界的社区,《跨越边界的社区》：流动关系与社区起源,sqzl,https://blog.huaxiangshan.com/zh-cn/posts/sqzl/,2024-09-16 07:52:19,2024,9,阅读 | 微观历史,阅读,项飚的《跨越边界点社区》语言通俗幽默，用更直白的方式探讨了自己的研究方法论，重点探讨了新的社区发展模式。,阅读 | 微观历史 | 理论脉络 | 叙事方法 | 陌生化世界与道德观 | 杨小凯的超边际分,社会观察与思想随笔,"{""经济学与方法"": 9, ""软件工具与技术"": 0, ""文学影视与文艺评论"": 0, ""旅行调研与地方观察"": 16, ""社会观察与思想随笔"": 25}",学术分析,"{""教程指南"": 1, ""学术分析"": 45, ""评论随笔"": 22, ""文艺评论"": 0, ""游记纪实"": 0}",275,87,3.16
content\posts\arcGIS.zh-cn.md,arcGIS,arcGIS 批量转化 tif 为 excel,gis,https://blog.huaxiangshan.com/zh-cn/posts/gis/,2024-09-25 12:00:19,2024,9,GIS,软件工具,介绍批量操作将 GIS 的 tif 文件转化为 excel 文件,GIS | 软件工具 | 点数据到面数据 | 虚假的批处理 | 真正的批处理 | 导入 tif 文件,软件工具与技术,"{""经济学与方法"": 10, ""软件工具与技术"": 26, ""文学影视与文艺评论"": 0, ""旅行调研与地方观察"": 0, ""社会观察与思想随笔"": 2}",学术分析,"{""教程指南"": 25, ""学术分析"": 48, ""评论随笔"": 1, ""文艺评论"": 0, ""游记纪实"": 0}",320,60,5.33
content\posts\经济学修辞.zh-cn.md,经济学修辞,经济学的修辞,jjxxc,https://blog.huaxiangshan.com/zh-cn/posts/jjxxc/,2024-10-16 07:52:19,2024,10,阅读 | 文学,阅读,《经济学的修辞》从文学批评的角度谈论了经济学著作甚至是数学模型内涵的文学性，视角非常独到。,阅读 | 文学 | 何为修辞，如何去做？ | 权威的匿名发言代理人。 | 创作者技巧。 | 表演。,经济学与方法,"{""经济学与方法"": 48, ""软件工具与技术"": 1, ""文学影视与文艺评论"": 3, ""旅行调研与地方观察"": 0, ""社会观察与思想随笔"": 28}",学术分析,"{""教程指南"": 7, ""学术分析"": 57, ""评论随笔"": 21, ""文艺评论"": 22, ""游记纪实"": 0}",388,106,3.66
content\posts\stata事件研究法3.zh-cn.md,stata事件研究法3,计量：事件研究法 3,event3,https://blog.huaxiangshan.com/zh-cn/posts/event3/,2024-10-24 22:00:19,2024,10,因果效应 | 文献阅读 | Stata,经济学习,介绍 coefplot、eventplot、eventdd、 cnreg在事件研究法中的画图代码。,因果效应 | 文献阅读 | Stata | 经济学习 | 简单回顾事件研究法的概念 | 顶刊的事件研究法运用,经济学与方法,"{""经济学与方法"": 32, ""软件工具与技术"": 18, ""文学影视与文艺评论"": 0, ""旅行调研与地方观察"": 4, ""社会观察与思想随笔"": 2}",学术分析,"{""教程指南"": 12, ""学术分析"": 35, ""评论随笔"": 3, ""文艺评论"": 0, ""游记纪实"": 0}",340,50,6.8
content\posts\经济学需要多少数学与创新.zh-cn.md,经济学需要多少数学与创新,经济学的自负：最近的一些想法,fs3,https://blog.huaxiangshan.com/zh-cn/posts/fs3/,2024-11-14 03:52:02,2024,11,反思,经济学习,这里记录下最近的学习感想。这些感想来自课堂、互联网、老师、同学、学长学姐交流。,反思 | 经济学习 | <center>经济学的自负</center> | <center> ❓预测还是寓言❓ </center> | <center>❓数理方法还是思想洞见❓</center> | <center>❓数学学多少❓</center>,经济学与方法,"{""经济学与方法"": 53, ""软件工具与技术"": 7, ""文学影视与文艺评论"": 0, ""旅行调研与地方观察"": 0, ""社会观察与思想随笔"": 15}",学术分析,"{""教程指南"": 4, ""学术分析"": 61, ""评论随笔"": 11, ""文艺评论"": 3, ""游记纪实"": 0}",746,197,3.79
content\posts\社会选择理论.zh-cn.md,社会选择理论,制度、政治、民主与阿罗不可能定理,shxz,https://blog.huaxiangshan.com/zh-cn/posts/shxz/,2024-11-17 07:52:02,2024,11,制度经济学 | 微观经济学,经济学习,政治经济学、制度经济学的历史脉络与阿罗不可能定理,制度经济学 | 微观经济学 | 经济学习 | 从制度到政治经济学 | 社会选择理论 | 社会福利泛函,经济学与方法,"{""经济学与方法"": 68, ""软件工具与技术"": 2, ""文学影视与文艺评论"": 0, ""旅行调研与地方观察"": 0, ""社会观察与思想随笔"": 1}",学术分析,"{""教程指南"": 5, ""学术分析"": 54, ""评论随笔"": 15, ""文艺评论"": 0, ""游记纪实"": 0}",1030,159,6.48
content\posts\AI与梦境.zh-cn.md,AI与梦境,记录一次梦境与 AI 解梦,ai_m,https://blog.huaxiangshan.com/zh-cn/posts/ai_m/,2024-12-04 08:00:58,2024,12,梦,游记,记录一次梦境和不同 ai 的解梦,游记 | 梦境描述 | AI 解读 | 通义千问 | 文心一言 | GPT （4-O,社会观察与思想随笔,"{""经济学与方法"": 0, ""软件工具与技术"": 6, ""文学影视与文艺评论"": 0, ""旅行调研与地方观察"": 2, ""社会观察与思想随笔"": 17}",评论随笔,"{""教程指南"": 0, ""学术分析"": 1, ""评论随笔"": 24, ""文艺评论"": 0, ""游记纪实"": 2}",334,96,3.48
content\posts\政府一次性投资与产业长期发展.zh-cn.md,政府一次性投资与产业长期发展,政府一次性投资与产业长期发展,zftz,https://blog.huaxiangshan.com/zh-cn/posts/zftz/,2024-12-15 07:52:19,2024,12,文献阅读 | 发展经济学,经济学习,三篇关于政府投资与经济持续效应的文献,文献阅读 | 发展经济学 | 经济学习 | 关于政府与市场：先学会提问 | 登月冲击：公共研发投入与经济增长 | 引入,经济学与方法,"{""经济学与方法"": 42, ""软件工具与技术"": 1, ""文学影视与文艺评论"": 0, ""旅行调研与地方观察"": 0, ""社会观察与思想随笔"": 3}",学术分析,"{""教程指南"": 9, ""学术分析"": 24, ""评论随笔"": 7, ""文艺评论"": 0, ""游记纪实"": 0}",513,89,5.76
content\posts\经济学与数学.zh-cn.md,经济学与数学,经济学的数学史,econ_math,https://blog.huaxiangshan.com/zh-cn/posts/econ_math/,2025-01-02 08:52:19,2025,1,阅读 | 微观经济学 | 宏观经济学,阅读,"一本书的读书笔记《数学与经济》（史树中）, 介绍了经济学中数学工具的发展。",阅读 | 微观经济学 | 宏观经济学 | 推荐理由 | 历史回顾 | 可用数学研究的经济学和经济研究中的数学,经济学与方法,"{""经济学与方法"": 47, ""软件工具与技术"": 0, ""文学影视与文艺评论"": 0, ""旅行调研与地方观察"": 0, ""社会观察与思想随笔"": 39}",学术分析,"{""教程指南"": 6, ""学术分析"": 59, ""评论随笔"": 10, ""文艺评论"": 0, ""游记纪实"": 0}",355,106,3.35
content\posts\富种起源.zh-cn.md,富种起源,《富种起源》：千年暗室，一灯即明,fzqy,https://blog.huaxiangshan.com/zh-cn/posts/fzqy/,2025-01-18 16:09:19,2025,1,阅读 | 微观历史 | 宏观经济学,阅读,《富种起源》反驳了学界主流的 马尔萨斯陷阱，同时构建了达尔文的经济史观。,阅读 | 微观历史 | 宏观经济学 | 推荐理由 | 传统马尔萨斯框架下的经济史 | 马尔萨斯陷阱,经济学与方法,"{""经济学与方法"": 51, ""软件工具与技术"": 0, ""文学影视与文艺评论"": 1, ""旅行调研与地方观察"": 0, ""社会观察与思想随笔"": 4}",学术分析,"{""教程指南"": 4, ""学术分析"": 38, ""评论随笔"": 15, ""文艺评论"": 5, ""游记纪实"": 0}",779,213,3.66
content\posts\谷子经济的函数.zh-cn.md,谷子经济的函数,解释潮玩热：从网络效应到多重均衡,gzhs,https://blog.huaxiangshan.com/zh-cn/posts/gzhs/,2025-09-25 20:00:36,2025,9,微观经济学 | 文献阅读 | Network,经济学习,只是想在需求函数里加一点人的因素。,微观经济学 | 文献阅读 | Network | 经济学习 | 泡泡玛特产品的典型事实 | 将炫耀性消费纳入模型,经济学与方法,"{""经济学与方法"": 25, ""软件工具与技术"": 0, ""文学影视与文艺评论"": 0, ""旅行调研与地方观察"": 0, ""社会观察与思想随笔"": 0}",学术分析,"{""教程指南"": 1, ""学术分析"": 27, ""评论随笔"": 10, ""文艺评论"": 0, ""游记纪实"": 0}",379,44,8.61
content\posts\当法官学习了经济学.zh-cn.md,当法官学习了经济学,思想的力量：当法官学习了经济学,law_econ,https://blog.huaxiangshan.com/zh-cn/posts/law_econ/,2025-09-27 00:08:58,2025,9,文献阅读 | 法律经济学,经济学习,都是芝加哥学派干的👨‍🎓,文献阅读 | 法律经济学 | 经济学习 | 前言 | 背景 | 法律与经济运动,经济学与方法,"{""经济学与方法"": 32, ""软件工具与技术"": 0, ""文学影视与文艺评论"": 0, ""旅行调研与地方观察"": 0, ""社会观察与思想随笔"": 0}",学术分析,"{""教程指南"": 6, ""学术分析"": 47, ""评论随笔"": 1, ""文艺评论"": 0, ""游记纪实"": 0}",395,96,4.11
content\posts\行政规划与经济发展.zh-cn.md,行政规划与经济发展,四川省分家之后：政治规划与经济增长,rsc_econ,https://blog.huaxiangshan.com/zh-cn/posts/rsc_econ/,2025-10-26 12:08:58,2025,10,文献阅读 | 区域经济学 | GIS,经济学习,制度重要还是地理位置重要？,文献阅读 | 区域经济学 | GIS | 经济学习 | 制度与地理之问 | 政治结构与经济增长,经济学与方法,"{""经济学与方法"": 19, ""软件工具与技术"": 2, ""文学影视与文艺评论"": 0, ""旅行调研与地方观察"": 1, ""社会观察与思想随笔"": 0}",学术分析,"{""教程指南"": 4, ""学术分析"": 30, ""评论随笔"": 6, ""文艺评论"": 0, ""游记纪实"": 0}",494,83,5.95
content\posts\Gispro操作简要.zh-cn.md,Gispro操作简要,ArcGispro 操作简要,gis_econ,https://blog.huaxiangshan.com/zh-cn/posts/gis_econ/,2025-11-03 21:08:58,2025,11,区域经济学 | GIS,软件工具,从 arcgis 更新到了 arcgispro,区域经济学 | GIS | 软件工具 | 空间计量 | 空间关系 | 软件版本,软件工具与技术,"{""经济学与方法"": 14, ""软件工具与技术"": 30, ""文学影视与文艺评论"": 0, ""旅行调研与地方观察"": 0, ""社会观察与思想随笔"": 0}",学术分析,"{""教程指南"": 24, ""学术分析"": 49, ""评论随笔"": 0, ""文艺评论"": 0, ""游记纪实"": 0}",287,74,3.88
content\posts\科研品味与ai.zh-cn.md,科研品味与ai,哥白尼时刻与学术品味,taste_ai,https://blog.huaxiangshan.com/zh-cn/posts/taste_ai/,2026-04-04 16:12:21,2026,4,阅读 | 反思 | 转载,阅读 | 经济学习,小心，你选择的可能不是品味，而是偏见,阅读 | 反思 | 转载 | 经济学习 | 回顾“哥白尼时刻 | 品味与试错成本？,经济学与方法,"{""经济学与方法"": 24, ""软件工具与技术"": 8, ""文学影视与文艺评论"": 1, ""旅行调研与地方观察"": 0, ""社会观察与思想随笔"": 8}",学术分析,"{""教程指南"": 3, ""学术分析"": 42, ""评论随笔"": 10, ""文艺评论"": 5, ""游记纪实"": 0}",482,124,3.89
content\posts\巴格拉斯效果.zh-cn.md,巴格拉斯效果,巴格拉斯效果（Berglas）,bgls,https://blog.huaxiangshan.com/zh-cn/posts/bgls/,2026-04-27 16:09:19,2026,4,阅读 | 魔术,阅读,见证奇迹的时刻,阅读 | 魔术 | 巴格拉斯效果 | 刘谦版本的表演 | 推荐的其他资料 | any,经济学与方法,"{""经济学与方法"": 0, ""软件工具与技术"": 0, ""文学影视与文艺评论"": 0, ""旅行调研与地方观察"": 0, ""社会观察与思想随笔"": 0}",学术分析,"{""教程指南"": 7, ""学术分析"": 8, ""评论随笔"": 1, ""文艺评论"": 0, ""游记纪实"": 0}",332,76,4.37
content\posts\浅谈创新.zh-cn.md,浅谈创新,此创新是彼创新吗,innovation,https://blog.huaxiangshan.com/zh-cn/posts/innovation/,2026-06-09 16:09:19,2026,6,反思,阅读,什么是创新？为什么要创新？怎么创新？,反思 | 阅读 | 谁在创新 | 理论科学家的创新 | 企业家的创新 | 如何激励创新，为什么要创新,社会观察与思想随笔,"{""经济学与方法"": 11, ""软件工具与技术"": 0, ""文学影视与文艺评论"": 0, ""旅行调研与地方观察"": 0, ""社会观察与思想随笔"": 63}",学术分析,"{""教程指南"": 3, ""学术分析"": 26, ""评论随笔"": 12, ""文艺评论"": 0, ""游记纪实"": 0}",197,74,2.66
