file,source_key,title,slug,url,date,year,month,tags,categories,summary,keywords,primary_theme,theme_scores,mood,mood_score,mood_scores,style,style_scores,word_count,sentence_count,avg_sentence_length
content\posts\军训三功记.zh-cn.md,军训三功记,Boot Camp Notes,zw,https://blog.huaxiangshan.com/zh-cn/posts/zw/,2017-10-06 15:39:02,2017,10,Writing,Travel notes,,Writing | Travel notes,Travel & field notes,"{""经济学与方法"": 0, ""软件工具与技术"": 0, ""文学影视与文艺评论"": 0, ""旅行调研与地方观察"": 2, ""社会观察与思想随笔"": 0}",Notes,0.13,"{""求知探索"": 0, ""理性沉思"": 0, ""兴奋投入"": 0, ""怀旧感伤"": 0, ""批判警醒"": 1, ""平静记录"": 2}",Travel,"{""教程指南"": 0, ""学术分析"": 0, ""评论随笔"": 0, ""文艺评论"": 0, ""游记纪实"": 2}",109,34,3.21
content\posts\鲁迅故居.zh-cn.md,鲁迅故居,Lu Xun's Former Residence: The Sole Light,lxgj,https://blog.huaxiangshan.com/en/posts/lxgj/,2020-12-19 10:35:32,2020,12,Travel | Microhistory,Travel notes,,Travel | Microhistory,Arts & screen,"{""经济学与方法"": 3, ""软件工具与技术"": 0, ""文学影视与文艺评论"": 44, ""旅行调研与地方观察"": 11, ""社会观察与思想随笔"": 1}",Reflection,0.48,"{""求知探索"": 7, ""理性沉思"": 19, ""兴奋投入"": 10, ""怀旧感伤"": 8, ""批判警醒"": 1, ""平静记录"": 0}",Reviews,"{""教程指南"": 0, ""学术分析"": 5, ""评论随笔"": 8, ""文艺评论"": 55, ""游记纪实"": 3}",257,79,3.25
content\posts\企鹅公路.zh-cn.md,企鹅公路,Penguin Highway: The Journey of a Boy Growing Up,penguin,https://blog.huaxiangshan.com/en/posts/penguin/,2020-12-24 20:52:19,2020,12,ACG | Film,Film and TV,,ACG | Film,Arts & screen,"{""经济学与方法"": 0, ""软件工具与技术"": 0, ""文学影视与文艺评论"": 29, ""旅行调研与地方观察"": 0, ""社会观察与思想随笔"": 0}",Inquiry,0.3,"{""求知探索"": 21, ""理性沉思"": 1, ""兴奋投入"": 5, ""怀旧感伤"": 2, ""批判警醒"": 7, ""平静记录"": 2}",Reviews,"{""教程指南"": 0, ""学术分析"": 0, ""评论随笔"": 5, ""文艺评论"": 15, ""游记纪实"": 0}",197,43,4.58
content\posts\朝花夕誓.zh-cn.md,朝花夕誓,The Dawn of Farewell - Binding the Flower of Promises on the Morning of Parting,ydzh,https://blog.huaxiangshan.com/en/posts/ydzh/,2021-02-19 20:52:19,2021,2,Film | ACG,Film and TV,,Film | ACG | Preface,Arts & screen,"{""经济学与方法"": 0, ""软件工具与技术"": 0, ""文学影视与文艺评论"": 17, ""旅行调研与地方观察"": 0, ""社会观察与思想随笔"": 0}",Nostalgia,-0.42000000000000004,"{""求知探索"": 0, ""理性沉思"": 17, ""兴奋投入"": 10, ""怀旧感伤"": 18, ""批判警醒"": 10, ""平静记录"": 3}",Reviews,"{""教程指南"": 0, ""学术分析"": 5, ""评论随笔"": 4, ""文艺评论"": 13, ""游记纪实"": 0}",375,91,4.12
content\posts\瓦尔登湖.zh-cn.md,瓦尔登湖,Reflections on Walden,wedh,https://blog.huaxiangshan.com/en/posts/wedh/,2021-03-29 18:52:19,2021,3,Literature | Reading | Writing,Reading,,Literature | Reading | Writing,Arts & screen,"{""经济学与方法"": 0, ""软件工具与技术"": 0, ""文学影视与文艺评论"": 12, ""旅行调研与地方观察"": 0, ""社会观察与思想随笔"": 0}",Excitement,1.0,"{""求知探索"": 5, ""理性沉思"": 6, ""兴奋投入"": 10, ""怀旧感伤"": 1, ""批判警醒"": 0, ""平静记录"": 0}",Analysis,"{""教程指南"": 0, ""学术分析"": 4, ""评论随笔"": 4, ""文艺评论"": 2, ""游记纪实"": 0}",84,34,2.47
content\posts\神实主义.zh-cn.md,神实主义,Divine Realism,sszy,https://blog.huaxiangshan.com/en/posts/sszy/,2021-05-22 18:52:19,2021,5,Literature | Reading | Writing,Reading,,Literature | Reading | Writing,Society & essays,"{""经济学与方法"": 0, ""软件工具与技术"": 0, ""文学影视与文艺评论"": 2, ""旅行调研与地方观察"": 0, ""社会观察与思想随笔"": 15}",Reflection,0.08,"{""求知探索"": 1, ""理性沉思"": 5, ""兴奋投入"": 0, ""怀旧感伤"": 1, ""批判警醒"": 0, ""平静记录"": 0}",Reviews,"{""教程指南"": 0, ""学术分析"": 5, ""评论随笔"": 3, ""文艺评论"": 8, ""游记纪实"": 0}",69,17,4.06
content\posts\河西走廊.zh-cn.md,河西走廊,The Hexi Corridor,hexi,https://blog.huaxiangshan.com/en/posts/hexi/,2022-07-09 19:35:32,2022,7,Travel,Travel notes,,Travel,Travel & field notes,"{""经济学与方法"": 0, ""软件工具与技术"": 0, ""文学影视与文艺评论"": 0, ""旅行调研与地方观察"": 14, ""社会观察与思想随笔"": 0}",Reflection,0.08,"{""求知探索"": 0, ""理性沉思"": 2, ""兴奋投入"": 0, ""怀旧感伤"": 0, ""批判警醒"": 0, ""平静记录"": 0}",Travel,"{""教程指南"": 0, ""学术分析"": 0, ""评论随笔"": 0, ""文艺评论"": 0, ""游记纪实"": 14}",40,17,2.35
content\posts\莫高窟不愿只是旅游景点.zh-cn.md,莫高窟不愿只是旅游景点,The Mogao Grottoes aspire to be more than mere tourist attractions,mgk,https://blog.huaxiangshan.com/en/posts/mgk/,2022-07-29 19:22:08,2022,7,Travel,Travel notes,,Travel | GPT,Travel & field notes,"{""经济学与方法"": 1, ""软件工具与技术"": 0, ""文学影视与文艺评论"": 0, ""旅行调研与地方观察"": 14, ""社会观察与思想随笔"": 0}",Reflection,0.08,"{""求知探索"": 0, ""理性沉思"": 18, ""兴奋投入"": 0, ""怀旧感伤"": 1, ""批判警醒"": 3, ""平静记录"": 0}",Travel,"{""教程指南"": 0, ""学术分析"": 0, ""评论随笔"": 1, ""文艺评论"": 0, ""游记纪实"": 14}",131,50,2.62
content\posts\调研小记：云南昭通.zh-cn.md,调研小记：云南昭通,"Research Note 1: Zhaotong, Yunnan",ynzt,https://blog.huaxiangshan.com/en/posts/ynzt/,2022-09-10 18:52:19,2022,9,Travel | Fieldwork,Travel notes,,Travel | Fieldwork,Travel & field notes,"{""经济学与方法"": 0, ""软件工具与技术"": 0, ""文学影视与文艺评论"": 0, ""旅行调研与地方观察"": 41, ""社会观察与思想随笔"": 0}",Inquiry,0.3,"{""求知探索"": 24, ""理性沉思"": 4, ""兴奋投入"": 0, ""怀旧感伤"": 1, ""批判警醒"": 0, ""平静记录"": 6}",Travel,"{""教程指南"": 2, ""学术分析"": 0, ""评论随笔"": 1, ""文艺评论"": 0, ""游记纪实"": 22}",185,62,2.98
content\posts\LaTeX入门.zh-cn.md,LaTeX入门,LaTeX in One Hour,latex,https://blog.huaxiangshan.com/zh-cn/posts/latex/,2022-10-09 18:52:19,2022,10,LaTeX,Software tools,,LaTeX | Software tools,Tools & tech,"{""经济学与方法"": 0, ""软件工具与技术"": 96, ""文学影视与文艺评论"": 0, ""旅行调研与地方观察"": 0, ""社会观察与思想随笔"": 4}",Excitement,0.83,"{""求知探索"": 1, ""理性沉思"": 0, ""兴奋投入"": 3, ""怀旧感伤"": 0, ""批判警醒"": 0, ""平静记录"": 2}",Guides,"{""教程指南"": 27, ""学术分析"": 1, ""评论随笔"": 0, ""文艺评论"": 0, ""游记纪实"": 0}",287,23,12.48
content\posts\LaTeX入门2.zh-cn.md,LaTeX入门2,LaTeX and Plots,latex2,https://blog.huaxiangshan.com/zh-cn/posts/latex2/,2022-10-19 18:52:19,2022,10,LaTeX,Software tools,,LaTeX | Software tools,Tools & tech,"{""经济学与方法"": 0, ""软件工具与技术"": 50, ""文学影视与文艺评论"": 0, ""旅行调研与地方观察"": 0, ""社会观察与思想随笔"": 0}",Excitement,0.7000000000000001,"{""求知探索"": 0, ""理性沉思"": 0, ""兴奋投入"": 3, ""怀旧感伤"": 0, ""批判警醒"": 0, ""平静记录"": 3}",Guides,"{""教程指南"": 15, ""学术分析"": 0, ""评论随笔"": 0, ""文艺评论"": 0, ""游记纪实"": 0}",162,17,9.53
content\posts\叫魂.zh-cn.md,叫魂,The Calling of Spirits,soul,https://blog.huaxiangshan.com/en/posts/soul/,2023-01-21 21:45:16,2023,1,Reading | Microhistory,Reading,,Reading | Microhistory,Arts & screen,"{""经济学与方法"": 4, ""软件工具与技术"": 0, ""文学影视与文艺评论"": 17, ""旅行调研与地方观察"": 0, ""社会观察与思想随笔"": 1}",Reflection,-0.5599999999999999,"{""求知探索"": 8, ""理性沉思"": 28, ""兴奋投入"": 0, ""怀旧感伤"": 4, ""批判警醒"": 13, ""平静记录"": 1}",Analysis,"{""教程指南"": 1, ""学术分析"": 11, ""评论随笔"": 7, ""文艺评论"": 0, ""游记纪实"": 0}",203,51,3.98
content\posts\一份经济微观数据库的数据清洗快速指南.zh-cn.md,一份经济微观数据库的数据清洗快速指南,A Quick Data Cleaning Guide,data,https://blog.huaxiangshan.com/zh-cn/posts/data/,2023-03-14 18:09:26,2023,3,Stata,Software tools | Economics study,,Stata | Software tools | Economics study,Tools & tech,"{""经济学与方法"": 10, ""软件工具与技术"": 28, ""文学影视与文艺评论"": 0, ""旅行调研与地方观察"": 2, ""社会观察与思想随笔"": 11}",Reflection,0.16,"{""求知探索"": 28, ""理性沉思"": 56, ""兴奋投入"": 1, ""怀旧感伤"": 0, ""批判警醒"": 1, ""平静记录"": 7}",Analysis,"{""教程指南"": 22, ""学术分析"": 69, ""评论随笔"": 24, ""文艺评论"": 0, ""游记纪实"": 0}",843,105,8.03
content\posts\电影门.zh-cn.md,电影门,2023 Movie Talk: The Other Side of the Door,moviedoor,https://blog.huaxiangshan.com/en/posts/moviedoor/,2023-05-29 18:52:19,2023,5,Film,Film and TV,,Film | bug | GPT | plus,Tools & tech,"{""经济学与方法"": 1, ""软件工具与技术"": 6, ""文学影视与文艺评论"": 5, ""旅行调研与地方观察"": 0, ""社会观察与思想随笔"": 0}",Reflection,-0.16,"{""求知探索"": 0, ""理性沉思"": 13, ""兴奋投入"": 0, ""怀旧感伤"": 4, ""批判警醒"": 3, ""平静记录"": 1}",Reviews,"{""教程指南"": 0, ""学术分析"": 5, ""评论随笔"": 3, ""文艺评论"": 9, ""游记纪实"": 0}",99,24,4.12
content\posts\写作建议.zh-cn.md,写作建议,Writing Advice,xz,https://blog.huaxiangshan.com/zh-cn/posts/xz/,2023-06-11 22:33:21,2023,6,Reading | Literature | Repost,Reading | Economics study,,Reading | Literature | Repost | Economics study,Economics & method,"{""经济学与方法"": 10, ""软件工具与技术"": 0, ""文学影视与文艺评论"": 0, ""旅行调研与地方观察"": 0, ""社会观察与思想随笔"": 7}",Inquiry,0.65,"{""求知探索"": 26, ""理性沉思"": 24, ""兴奋投入"": 11, ""怀旧感伤"": 7, ""批判警醒"": 6, ""平静记录"": 1}",Analysis,"{""教程指南"": 1, ""学术分析"": 15, ""评论随笔"": 6, ""文艺评论"": 10, ""游记纪实"": 0}",2943,736,4.0
content\posts\sss级重生猎人第84章.zh-cn.md,sss级重生猎人第84章,Archive: SSS-Class Revival Hunter Ch. 84,sss,https://blog.huaxiangshan.com/zh-cn/posts/sss/,2023-06-27 22:16:36,2023,6,Reading,Reading,,Reading | sss,Arts & screen,"{""经济学与方法"": 0, ""软件工具与技术"": 0, ""文学影视与文艺评论"": 2, ""旅行调研与地方观察"": 0, ""社会观察与思想随笔"": 0}",Critique,-0.65,"{""求知探索"": 6, ""理性沉思"": 0, ""兴奋投入"": 4, ""怀旧感伤"": 6, ""批判警醒"": 8, ""平静记录"": 0}",Reviews,"{""教程指南"": 5, ""学术分析"": 3, ""评论随笔"": 4, ""文艺评论"": 6, ""游记纪实"": 0}",421,177,2.38
content\posts\文字游戏.zh-cn.md,文字游戏,Word Games,wzyy,https://blog.huaxiangshan.com/zh-cn/posts/wzyy/,2023-07-01 18:52:19,2023,7,Games,Games,,Games | word | boss,Arts & screen,"{""经济学与方法"": 0, ""软件工具与技术"": 0, ""文学影视与文艺评论"": 9, ""旅行调研与地方观察"": 0, ""社会观察与思想随笔"": 0}",Excitement,1.0,"{""求知探索"": 8, ""理性沉思"": 1, ""兴奋投入"": 10, ""怀旧感伤"": 0, ""批判警醒"": 1, ""平静记录"": 0}",Reviews,"{""教程指南"": 1, ""学术分析"": 0, ""评论随笔"": 0, ""文艺评论"": 6, ""游记纪实"": 0}",156,32,4.88
content\posts\范里安《微观经济学》退税案例解析.zh-cn.md,范里安《微观经济学》退税案例解析,Analysis of the Tax Refund Case in Varian's Microeconomics,fla,https://blog.huaxiangshan.com/en/posts/fla/,2023-07-06 17:01:14,2023,7,Microeconomics,Economics study,,Microeconomics | Economics study,Economics & method,"{""经济学与方法"": 15, ""软件工具与技术"": 0, ""文学影视与文艺评论"": 0, ""旅行调研与地方观察"": 0, ""社会观察与思想随笔"": 5}",Inquiry,0.21999999999999997,"{""求知探索"": 12, ""理性沉思"": 6, ""兴奋投入"": 0, ""怀旧感伤"": 0, ""批判警醒"": 1, ""平静记录"": 2}",Analysis,"{""教程指南"": 2, ""学术分析"": 15, ""评论随笔"": 0, ""文艺评论"": 0, ""游记纪实"": 0}",254,42,6.05
content\posts\华为.zh-cn.md,华为,Everything You Need to Know About Huawei Member Day,hw,https://blog.huaxiangshan.com/en/posts/hw/,2023-07-07 17:23:04,2023,7,Travel,Travel notes,,Travel,Society & essays,"{""经济学与方法"": 0, ""软件工具与技术"": 0, ""文学影视与文艺评论"": 0, ""旅行调研与地方观察"": 3, ""社会观察与思想随笔"": 11}",Excitement,0.75,"{""求知探索"": 0, ""理性沉思"": 0, ""兴奋投入"": 2, ""怀旧感伤"": 0, ""批判警醒"": 0, ""平静记录"": 0}",Guides,"{""教程指南"": 4, ""学术分析"": 0, ""评论随笔"": 0, ""文艺评论"": 0, ""游记纪实"": 2}",127,31,4.1
content\posts\概率论茆诗松笔记.zh-cn.md,概率论茆诗松笔记,Estimating π with a Needle? Notes on Probability Theory (Mao Shisong Edition),probability,https://blog.huaxiangshan.com/en/posts/probability/,2023-08-01 20:27:53,2023,8,Probability,Economics study,,Probability | Economics study,Economics & method,"{""经济学与方法"": 3, ""软件工具与技术"": 2, ""文学影视与文艺评论"": 0, ""旅行调研与地方观察"": 0, ""社会观察与思想随笔"": 3}",Critique,-0.010000000000000009,"{""求知探索"": 6, ""理性沉思"": 1, ""兴奋投入"": 5, ""怀旧感伤"": 0, ""批判警醒"": 9, ""平静记录"": 1}",Analysis,"{""教程指南"": 7, ""学术分析"": 12, ""评论随笔"": 0, ""文艺评论"": 0, ""游记纪实"": 0}",555,40,13.88
content\posts\奇葩而通俗的中世纪指南《如何屠龙》.zh-cn.md,奇葩而通俗的中世纪指南《如何屠龙》,HOW TO SLAY A DRAGON,tl,https://blog.huaxiangshan.com/en/posts/tl/,2023-08-05 00:00:36,2023,8,Microhistory | Reading,Reading,,Microhistory | Reading,Economics & method,"{""经济学与方法"": 3, ""软件工具与技术"": 0, ""文学影视与文艺评论"": 1, ""旅行调研与地方观察"": 0, ""社会观察与思想随笔"": 1}",Reflection,0.56,"{""求知探索"": 8, ""理性沉思"": 29, ""兴奋投入"": 10, ""怀旧感伤"": 0, ""批判警醒"": 1, ""平静记录"": 3}",Guides,"{""教程指南"": 8, ""学术分析"": 5, ""评论随笔"": 4, ""文艺评论"": 4, ""游记纪实"": 0}",129,41,3.15
content\posts\原神概率.zh-cn.md,原神概率,Genshin Crafting Odds,genshin,https://blog.huaxiangshan.com/zh-cn/posts/genshin/,2023-08-09 18:39:02,2023,8,Genshin Impact | Probability,Economics study,,Genshin Impact | Probability | Economics study,Society & essays,"{""经济学与方法"": 2, ""软件工具与技术"": 0, ""文学影视与文艺评论"": 0, ""旅行调研与地方观察"": 0, ""社会观察与思想随笔"": 5}",Inquiry,0.3,"{""求知探索"": 2, ""理性沉思"": 0, ""兴奋投入"": 0, ""怀旧感伤"": 0, ""批判警醒"": 0, ""平静记录"": 0}",Analysis,"{""教程指南"": 5, ""学术分析"": 6, ""评论随笔"": 0, ""文艺评论"": 0, ""游记纪实"": 0}",986,26,37.92
content\posts\看展：时代的容颜.zh-cn.md,看展：时代的容颜,Faces of Time,art,https://blog.huaxiangshan.com/en/posts/art/,2023-08-20 01:07:44,2023,8,Art,Travel notes,,Art | Travel notes,Travel & field notes,"{""经济学与方法"": 0, ""软件工具与技术"": 0, ""文学影视与文艺评论"": 0, ""旅行调研与地方观察"": 3, ""社会观察与思想随笔"": 3}",Reflection,0.31999999999999995,"{""求知探索"": 16, ""理性沉思"": 33, ""兴奋投入"": 3, ""怀旧感伤"": 0, ""批判警醒"": 0, ""平静记录"": 3}",Essays,"{""教程指南"": 0, ""学术分析"": 0, ""评论随笔"": 13, ""文艺评论"": 0, ""游记纪实"": 2}",108,38,2.84
content\posts\自私的基因：利他道德之问.zh-cn.md,自私的基因：利他道德之问,The Selfish Gene: The Question of Altruistic Morality,selfishgene,https://blog.huaxiangshan.com/en/posts/selfishgene/,2023-08-30 14:56:30,2023,8,Reading,Reading,,Reading,Society & essays,"{""经济学与方法"": 4, ""软件工具与技术"": 1, ""文学影视与文艺评论"": 0, ""旅行调研与地方观察"": 0, ""社会观察与思想随笔"": 9}",Reflection,0.16,"{""求知探索"": 22, ""理性沉思"": 48, ""兴奋投入"": 0, ""怀旧感伤"": 0, ""批判警醒"": 5, ""平静记录"": 3}",Analysis,"{""教程指南"": 7, ""学术分析"": 25, ""评论随笔"": 11, ""文艺评论"": 0, ""游记纪实"": 0}",1117,188,5.94
content\posts\Citespace文献可视化.zh-cn.md,Citespace文献可视化,Citespace Visualization,citespace,https://blog.huaxiangshan.com/zh-cn/posts/citespace/,2023-09-06 16:12:48,2023,9,Paper reading | Software picks | Citespace,Software tools | Economics study,,Paper reading | Software picks | Citespace | Software tools | Economics study,Tools & tech,"{""经济学与方法"": 2, ""软件工具与技术"": 18, ""文学影视与文艺评论"": 0, ""旅行调研与地方观察"": 0, ""社会观察与思想随笔"": 0}",Inquiry,0.24999999999999997,"{""求知探索"": 20, ""理性沉思"": 12, ""兴奋投入"": 2, ""怀旧感伤"": 1, ""批判警醒"": 0, ""平静记录"": 7}",Guides,"{""教程指南"": 28, ""学术分析"": 22, ""评论随笔"": 0, ""文艺评论"": 0, ""游记纪实"": 0}",480,59,8.14
content\posts\再见绘梨.zh-cn.md,再见绘梨,"Goodbye, Eri: Not Remembering Others, but Knowing Oneself",zjhl,https://blog.huaxiangshan.com/en/posts/zjhl/,2023-09-12 17:59:49,2023,9,ACG,Reading,,ACG | Reading,Arts & screen,"{""经济学与方法"": 0, ""软件工具与技术"": 0, ""文学影视与文艺评论"": 54, ""旅行调研与地方观察"": 0, ""社会观察与思想随笔"": 0}",Reflection,-0.16,"{""求知探索"": 18, ""理性沉思"": 29, ""兴奋投入"": 11, ""怀旧感伤"": 14, ""批判警醒"": 11, ""平静记录"": 0}",Reviews,"{""教程指南"": 2, ""学术分析"": 2, ""评论随笔"": 4, ""文艺评论"": 48, ""游记纪实"": 0}",219,68,3.22
content\posts\微观经济：罗伊、霍太林、谢泼德.zh-cn.md,微观经济：罗伊、霍太林、谢泼德,Microeconomics: Roy Hotelling Shephard,flapxq,https://blog.huaxiangshan.com/en/posts/微观经济：罗伊、霍太林、谢泼德.en/,2023-09-13 17:23:04,2023,9,Microeconomics,Economics study,,Microeconomics | Economics study,Economics & method,"{""经济学与方法"": 19, ""软件工具与技术"": 0, ""文学影视与文艺评论"": 0, ""旅行调研与地方观察"": 0, ""社会观察与思想随笔"": 2}",Inquiry,0.3,"{""求知探索"": 12, ""理性沉思"": 2, ""兴奋投入"": 0, ""怀旧感伤"": 0, ""批判警醒"": 2, ""平静记录"": 4}",Analysis,"{""教程指南"": 3, ""学术分析"": 19, ""评论随笔"": 0, ""文艺评论"": 0, ""游记纪实"": 0}",1229,34,36.15
content\posts\收敛：从“算式的极限”到“增长的极限”.zh-cn.md,收敛：从“算式的极限”到“增长的极限”,Convergence: From the Limit of Equations to the Limit of Growth,shounian,https://blog.huaxiangshan.com/en/posts/shounian/,2023-10-01 18:59:15,2023,10,Stata,Economics study,,Stata | Economics study,Economics & method,"{""经济学与方法"": 89, ""软件工具与技术"": 4, ""文学影视与文艺评论"": 0, ""旅行调研与地方观察"": 0, ""社会观察与思想随笔"": 6}",Inquiry,0.38,"{""求知探索"": 21, ""理性沉思"": 12, ""兴奋投入"": 1, ""怀旧感伤"": 0, ""批判警醒"": 1, ""平静记录"": 1}",Analysis,"{""教程指南"": 1, ""学术分析"": 16, ""评论随笔"": 3, ""文艺评论"": 0, ""游记纪实"": 0}",977,63,15.51
content\posts\河边的错误是什么.zh-cn.md,河边的错误是什么,Only the River Flows,h,https://blog.huaxiangshan.com/en/posts/h/,2023-10-29 18:52:19,2023,10,Film,Film and TV,,Film | river | only,Arts & screen,"{""经济学与方法"": 0, ""软件工具与技术"": 0, ""文学影视与文艺评论"": 19, ""旅行调研与地方观察"": 0, ""社会观察与思想随笔"": 0}",Reflection,-0.16,"{""求知探索"": 17, ""理性沉思"": 32, ""兴奋投入"": 9, ""怀旧感伤"": 6, ""批判警醒"": 24, ""平静记录"": 1}",Essays,"{""教程指南"": 0, ""学术分析"": 0, ""评论随笔"": 20, ""文艺评论"": 7, ""游记纪实"": 0}",138,47,2.94
content\posts\客观赋权：PCA、CRITIC、EWM、COV.zh-cn.md,客观赋权：PCA、CRITIC、EWM、COV,"Economic weighting and scoring methods: PCA, CRITIC, EWM",kgfq,https://blog.huaxiangshan.com/en/posts/kgfq/,2023-11-20 15:27:17,2023,11,Stata,Software tools | Economics study,,Stata | Software tools | Economics study,Tools & tech,"{""经济学与方法"": 9, ""软件工具与技术"": 24, ""文学影视与文艺评论"": 0, ""旅行调研与地方观察"": 0, ""社会观察与思想随笔"": 2}",Inquiry,0.38,"{""求知探索"": 12, ""理性沉思"": 1, ""兴奋投入"": 1, ""怀旧感伤"": 0, ""批判警醒"": 1, ""平静记录"": 4}",Analysis,"{""教程指南"": 10, ""学术分析"": 30, ""评论随笔"": 0, ""文艺评论"": 0, ""游记纪实"": 0}",769,60,12.82
content\posts\王小波.zh-cn.md,王小波,Pursuing Scholarship: Beyond 'Serving the World' and 'Because the Mountain Is There',wxb,https://blog.huaxiangshan.com/en/posts/wxb/,2023-12-10 16:08:54,2023,12,Reading | Reflection,Reading,,Reading | Reflection | GPT,Society & essays,"{""经济学与方法"": 2, ""软件工具与技术"": 0, ""文学影视与文艺评论"": 5, ""旅行调研与地方观察"": 0, ""社会观察与思想随笔"": 8}",Inquiry,0.3,"{""求知探索"": 18, ""理性沉思"": 15, ""兴奋投入"": 0, ""怀旧感伤"": 0, ""批判警醒"": 8, ""平静记录"": 2}",Essays,"{""教程指南"": 0, ""学术分析"": 6, ""评论随笔"": 10, ""文艺评论"": 6, ""游记纪实"": 0}",111,25,4.44
content\posts\真物与伪物.zh-cn.md,真物与伪物,On Motivation: The Genuine and Counterfeit in Anime and Manga,zyw,https://blog.huaxiangshan.com/en/posts/zyw/,2023-12-10 16:08:54,2023,12,ACG,Film and TV,,ACG | Film and TV,Society & essays,"{""经济学与方法"": 0, ""软件工具与技术"": 0, ""文学影视与文艺评论"": 0, ""旅行调研与地方观察"": 0, ""社会观察与思想随笔"": 70}",Excitement,1.0,"{""求知探索"": 14, ""理性沉思"": 20, ""兴奋投入"": 21, ""怀旧感伤"": 5, ""批判警醒"": 6, ""平静记录"": 1}",Essays,"{""教程指南"": 1, ""学术分析"": 5, ""评论随笔"": 63, ""文艺评论"": 4, ""游记纪实"": 0}",458,116,3.95
content\posts\计量数据的分组与测度（STATA版）.zh-cn.md,计量数据的分组与测度（STATA版）,Grouping and Measurement of Econometric Data (STATA Version),ji_sata,https://blog.huaxiangshan.com/en/posts/ji_sata/,2023-12-26 13:35:20,2023,12,Causal inference | Stata,Software tools | Economics study,,Causal inference | Stata | Software tools | Economics study,Economics & method,"{""经济学与方法"": 24, ""软件工具与技术"": 19, ""文学影视与文艺评论"": 0, ""旅行调研与地方观察"": 0, ""社会观察与思想随笔"": 3}",Inquiry,0.3,"{""求知探索"": 36, ""理性沉思"": 27, ""兴奋投入"": 0, ""怀旧感伤"": 0, ""批判警醒"": 1, ""平静记录"": 4}",Analysis,"{""教程指南"": 7, ""学术分析"": 52, ""评论随笔"": 3, ""文艺评论"": 0, ""游记纪实"": 0}",2038,176,11.58
content\posts\Zotero：RSS聚合订阅.zh-cn.md,Zotero：RSS聚合订阅,Zotero: RSS Feed Aggregation Subscription,zoterorss,https://blog.huaxiangshan.com/en/posts/zoterorss/,2023-12-27 20:09:27,2023,12,Zotero | Paper reading | RSS,Software tools | Economics study,,Zotero | Paper reading | RSS | Software tools | Economics study,Tools & tech,"{""经济学与方法"": 10, ""软件工具与技术"": 36, ""文学影视与文艺评论"": 0, ""旅行调研与地方观察"": 0, ""社会观察与思想随笔"": 1}",Inquiry,0.45999999999999996,"{""求知探索"": 13, ""理性沉思"": 0, ""兴奋投入"": 4, ""怀旧感伤"": 0, ""批判警醒"": 0, ""平静记录"": 2}",Guides,"{""教程指南"": 11, ""学术分析"": 10, ""评论随笔"": 0, ""文艺评论"": 0, ""游记纪实"": 0}",243,21,11.57
content\posts\HLT生命周期与工资分解.zh-cn.md,HLT生命周期与工资分解,HLT: Lifecycle and Wage Decomposition,hlt,https://blog.huaxiangshan.com/en/posts/hlt/,2024-01-19 09:58:30,2024,1,Paper reading | Stata,Economics study,,Paper reading | Stata | Economics study,Economics & method,"{""经济学与方法"": 22, ""软件工具与技术"": 4, ""文学影视与文艺评论"": 0, ""旅行调研与地方观察"": 0, ""社会观察与思想随笔"": 1}",Inquiry,0.3,"{""求知探索"": 24, ""理性沉思"": 12, ""兴奋投入"": 0, ""怀旧感伤"": 0, ""批判警醒"": 2, ""平静记录"": 13}",Analysis,"{""教程指南"": 6, ""学术分析"": 28, ""评论随笔"": 5, ""文艺评论"": 0, ""游记纪实"": 0}",1991,96,20.74
content\posts\聚合订阅：影视、漫画、文献自由.zh-cn.md,聚合订阅：影视、漫画、文献自由,"Aggregated subscriptions: free movies, comics",dingyue,https://blog.huaxiangshan.com/en/posts/dingyue/,2024-02-20 16:14:29,2024,2,Software picks,Software tools,,Software picks | Software tools,Tools & tech,"{""经济学与方法"": 0, ""软件工具与技术"": 28, ""文学影视与文艺评论"": 1, ""旅行调研与地方观察"": 0, ""社会观察与思想随笔"": 0}",Excitement,0.99,"{""求知探索"": 1, ""理性沉思"": 0, ""兴奋投入"": 9, ""怀旧感伤"": 2, ""批判警醒"": 2, ""平静记录"": 1}",Guides,"{""教程指南"": 27, ""学术分析"": 0, ""评论随笔"": 0, ""文艺评论"": 5, ""游记纪实"": 0}",134,36,3.72
content\posts\因果效应.zh-cn.md,因果效应,Causal Effec,effect,https://blog.huaxiangshan.com/en/posts/effect/,2024-02-28 18:27:40,2024,2,Paper reading | Causal inference,Economics study,,Paper reading | Causal inference | Economics study,Economics & method,"{""经济学与方法"": 37, ""软件工具与技术"": 0, ""文学影视与文艺评论"": 0, ""旅行调研与地方观察"": 0, ""社会观察与思想随笔"": 12}",Inquiry,0.38,"{""求知探索"": 36, ""理性沉思"": 26, ""兴奋投入"": 1, ""怀旧感伤"": 0, ""批判警醒"": 1, ""平静记录"": 2}",Analysis,"{""教程指南"": 3, ""学术分析"": 47, ""评论随笔"": 10, ""文艺评论"": 1, ""游记纪实"": 0}",1354,112,12.09
content\posts\Hugo搭建Giscus评论区.zh-cn.md,Hugo搭建Giscus评论区,Setting Up Giscus Comment Section with Hugo,comment,https://blog.huaxiangshan.com/en/posts/comment/,2024-03-05 15:45:18,2024,3,Hugo,Hugo setup notes,,Hugo,Tools & tech,"{""经济学与方法"": 0, ""软件工具与技术"": 54, ""文学影视与文艺评论"": 0, ""旅行调研与地方观察"": 0, ""社会观察与思想随笔"": 0}",Reflection,0.08,"{""求知探索"": 0, ""理性沉思"": 6, ""兴奋投入"": 1, ""怀旧感伤"": 0, ""批判警醒"": 1, ""平静记录"": 1}",Guides,"{""教程指南"": 10, ""学术分析"": 0, ""评论随笔"": 0, ""文艺评论"": 9, ""游记纪实"": 0}",98,15,6.53
content\posts\Hugo自定义字体.zh-cn.md,Hugo自定义字体,The Custom Font in Hugo,font,https://blog.huaxiangshan.com/en/posts/font/,2024-03-05 22:11:48,2024,3,Hugo,Hugo setup notes,,Hugo,Tools & tech,"{""经济学与方法"": 0, ""软件工具与技术"": 26, ""文学影视与文艺评论"": 0, ""旅行调研与地方观察"": 0, ""社会观察与思想随笔"": 0}",Critique,-0.22,"{""求知探索"": 1, ""理性沉思"": 0, ""兴奋投入"": 0, ""怀旧感伤"": 0, ""批判警醒"": 2, ""平静记录"": 2}",Guides,"{""教程指南"": 6, ""学术分析"": 0, ""评论随笔"": 3, ""文艺评论"": 0, ""游记纪实"": 0}",178,36,4.94
content\posts\stata爬虫学习.zh-cn.md,stata爬虫学习,Web Scraping in Stata,pachong,https://blog.huaxiangshan.com/zh-cn/posts/pachong/,2024-03-06 13:19:39,2024,3,Web scraping | Stata,Software tools | Economics study,,Web scraping | Stata | Software tools | Economics study,Tools & tech,"{""经济学与方法"": 8, ""软件工具与技术"": 75, ""文学影视与文艺评论"": 0, ""旅行调研与地方观察"": 0, ""社会观察与思想随笔"": 0}",Inquiry,0.21999999999999997,"{""求知探索"": 30, ""理性沉思"": 0, ""兴奋投入"": 0, ""怀旧感伤"": 5, ""批判警醒"": 1, ""平静记录"": 6}",Analysis,"{""教程指南"": 19, ""学术分析"": 27, ""评论随笔"": 0, ""文艺评论"": 0, ""游记纪实"": 0}",264,34,7.76
content\posts\2024观剧总结和“命运”相处的几种方式.zh-cn.md,2024观剧总结和“命运”相处的几种方式,2024 viewing roundup: a few ways of living with fate,kj_2024,https://blog.huaxiangshan.com/en/posts/kj_2024/,2024-03-08 00:00:58,2024,3,TV drama,Film and TV,,TV drama | Film and TV,Arts & screen,"{""经济学与方法"": 0, ""软件工具与技术"": 0, ""文学影视与文艺评论"": 36, ""旅行调研与地方观察"": 1, ""社会观察与思想随笔"": 0}",Reflection,0.08,"{""求知探索"": 26, ""理性沉思"": 69, ""兴奋投入"": 7, ""怀旧感伤"": 7, ""批判警醒"": 18, ""平静记录"": 3}",Essays,"{""教程指南"": 0, ""学术分析"": 1, ""评论随笔"": 31, ""文艺评论"": 10, ""游记纪实"": 1}",227,56,4.05
content\posts\速通黄鹤楼.zh-cn.md,速通黄鹤楼,Transfer Guide at Tianhe Airport: Speedy Visit to the Yellow Crane Tower (6h),hxl,https://blog.huaxiangshan.com/en/posts/hxl/,2024-03-10 16:08:54,2024,3,Travel,Travel notes,,Travel,Travel & field notes,"{""经济学与方法"": 0, ""软件工具与技术"": 0, ""文学影视与文艺评论"": 0, ""旅行调研与地方观察"": 24, ""社会观察与思想随笔"": 0}",Notes,0.21,"{""求知探索"": 0, ""理性沉思"": 0, ""兴奋投入"": 2, ""怀旧感伤"": 0, ""批判警醒"": 0, ""平静记录"": 4}",Travel,"{""教程指南"": 5, ""学术分析"": 5, ""评论随笔"": 0, ""文艺评论"": 0, ""游记纪实"": 27}",148,27,5.48
content\posts\anaconda.zh-cn.md,anaconda,[Anaconda Error Solution] Anaconda bytes object has no attribute get,anaconda,https://blog.huaxiangshan.com/en/posts/anaconda/,2024-03-10 20:27:30,2024,3,Anaconda,Software tools,,Anaconda | Software tools | anaconda | java | attribute | get,Tools & tech,"{""经济学与方法"": 0, ""软件工具与技术"": 46, ""文学影视与文艺评论"": 0, ""旅行调研与地方观察"": 0, ""社会观察与思想随笔"": 0}",Critique,-0.25,"{""求知探索"": 0, ""理性沉思"": 0, ""兴奋投入"": 0, ""怀旧感伤"": 0, ""批判警醒"": 3, ""平静记录"": 0}",Guides,"{""教程指南"": 6, ""学术分析"": 0, ""评论随笔"": 0, ""文艺评论"": 0, ""游记纪实"": 0}",57,10,5.7
content\posts\stata输出Word表格.zh-cn.md,stata输出Word表格,stata输出Word表格,regout,https://blog.huaxiangshan.com/en/posts/stata输出word表格.en/,2024-03-13 17:33:02,2024,3,Stata,Economics study | Software tools,,Stata | Economics study | Software tools,Tools & tech,"{""经济学与方法"": 9, ""软件工具与技术"": 31, ""文学影视与文艺评论"": 0, ""旅行调研与地方观察"": 0, ""社会观察与思想随笔"": 0}",Inquiry,0.3,"{""求知探索"": 6, ""理性沉思"": 1, ""兴奋投入"": 0, ""怀旧感伤"": 0, ""批判警醒"": 0, ""平静记录"": 1}",Guides,"{""教程指南"": 30, ""学术分析"": 13, ""评论随笔"": 4, ""文艺评论"": 0, ""游记纪实"": 0}",116,23,5.04
content\posts\中文博客目录跳转失败.zh-cn.md,中文博客目录跳转失败,Fixing Hugo TOC Links,toc,https://blog.huaxiangshan.com/zh-cn/posts/toc/,2024-03-21 17:59:49,2024,3,Hugo,Hugo setup notes,,Hugo,Tools & tech,"{""经济学与方法"": 0, ""软件工具与技术"": 25, ""文学影视与文艺评论"": 0, ""旅行调研与地方观察"": 0, ""社会观察与思想随笔"": 0}",Critique,-0.25,"{""求知探索"": 2, ""理性沉思"": 0, ""兴奋投入"": 0, ""怀旧感伤"": 2, ""批判警醒"": 9, ""平静记录"": 3}",Guides,"{""教程指南"": 3, ""学术分析"": 0, ""评论随笔"": 0, ""文艺评论"": 1, ""游记纪实"": 0}",65,14,4.64
content\posts\Stata绘制Gis着色图.zh-cn.md,Stata绘制Gis着色图,GIS Choropleths in Stata,statagis,https://blog.huaxiangshan.com/zh-cn/posts/statagis/,2024-03-22 19:39:56,2024,3,Stata | GIS,Software tools | Economics study,,Stata | GIS | Software tools | Economics study,Tools & tech,"{""经济学与方法"": 2, ""软件工具与技术"": 46, ""文学影视与文艺评论"": 0, ""旅行调研与地方观察"": 0, ""社会观察与思想随笔"": 0}",Inquiry,0.3,"{""求知探索"": 14, ""理性沉思"": 0, ""兴奋投入"": 2, ""怀旧感伤"": 0, ""批判警醒"": 1, ""平静记录"": 4}",Analysis,"{""教程指南"": 35, ""学术分析"": 39, ""评论随笔"": 0, ""文艺评论"": 0, ""游记纪实"": 0}",444,101,4.4
content\posts\反思：鄙视链中的经济学习心态.zh-cn.md,反思：鄙视链中的经济学习心态,Self-questioning: Econ-Learning mentality within the hierarchy of disdain,fs,https://blog.huaxiangshan.com/en/posts/fs/,2024-04-09 21:45:16,2024,4,Reflection,Economics study,,Reflection | Economics study,Economics & method,"{""经济学与方法"": 37, ""软件工具与技术"": 5, ""文学影视与文艺评论"": 2, ""旅行调研与地方观察"": 0, ""社会观察与思想随笔"": 15}",Inquiry,0.45999999999999996,"{""求知探索"": 36, ""理性沉思"": 31, ""兴奋投入"": 2, ""怀旧感伤"": 1, ""批判警醒"": 2, ""平静记录"": 4}",Analysis,"{""教程指南"": 1, ""学术分析"": 45, ""评论随笔"": 11, ""文艺评论"": 0, ""游记纪实"": 0}",199,41,4.85
content\posts\发展经济学：超边际分析（导论）（杨小凯).zh-cn.md,发展经济学：超边际分析（导论）（杨小凯),Development Economics: Marginal Analysis and Inframarginal Analysis (Introduction),yxk1,https://blog.huaxiangshan.com/en/posts/yxk1/,2024-04-10 20:20:20,2024,4,Macroeconomics | Development economics,Economics study,,Macroeconomics | Development economics | Economics study,Economics & method,"{""经济学与方法"": 83, ""软件工具与技术"": 0, ""文学影视与文艺评论"": 0, ""旅行调研与地方观察"": 0, ""社会观察与思想随笔"": 7}",Inquiry,0.7,"{""求知探索"": 69, ""理性沉思"": 36, ""兴奋投入"": 5, ""怀旧感伤"": 0, ""批判警醒"": 11, ""平静记录"": 7}",Analysis,"{""教程指南"": 4, ""学术分析"": 64, ""评论随笔"": 6, ""文艺评论"": 0, ""游记纪实"": 0}",306,80,3.83
content\posts\杨小凯.zh-cn.md,杨小凯,Yang Xiaokai: My Life,yxk2,https://blog.huaxiangshan.com/zh-cn/posts/yxk2/,2024-04-17 09:33:21,2024,4,Reading | Repost,Reading,,Reading | Repost,Economics & method,"{""经济学与方法"": 12, ""软件工具与技术"": 0, ""文学影视与文艺评论"": 0, ""旅行调研与地方观察"": 1, ""社会观察与思想随笔"": 7}",Reflection,0.48,"{""求知探索"": 26, ""理性沉思"": 29, ""兴奋投入"": 6, ""怀旧感伤"": 0, ""批判警醒"": 5, ""平静记录"": 1}",Analysis,"{""教程指南"": 3, ""学术分析"": 21, ""评论随笔"": 4, ""文艺评论"": 0, ""游记纪实"": 0}",413,116,3.56
content\posts\R语言基础.zh-cn.md,R语言基础,R Basics 1,r1,https://blog.huaxiangshan.com/zh-cn/posts/r1/,2024-04-20 10:11:52,2024,4,,Software tools,,Software tools,Tools & tech,"{""经济学与方法"": 6, ""软件工具与技术"": 38, ""文学影视与文艺评论"": 0, ""旅行调研与地方观察"": 0, ""社会观察与思想随笔"": 0}",Reflection,0.08,"{""求知探索"": 10, ""理性沉思"": 12, ""兴奋投入"": 12, ""怀旧感伤"": 0, ""批判警醒"": 1, ""平静记录"": 4}",Guides,"{""教程指南"": 38, ""学术分析"": 30, ""评论随笔"": 0, ""文艺评论"": 0, ""游记纪实"": 0}",300,28,10.71
content\posts\R语言基础2.zh-cn.md,R语言基础2,R Basics 2,r2,https://blog.huaxiangshan.com/zh-cn/posts/r2/,2024-04-22 01:01:52,2024,4,,Software tools,,Software tools,Tools & tech,"{""经济学与方法"": 17, ""软件工具与技术"": 26, ""文学影视与文艺评论"": 0, ""旅行调研与地方观察"": 0, ""社会观察与思想随笔"": 0}",Inquiry,0.32999999999999996,"{""求知探索"": 6, ""理性沉思"": 6, ""兴奋投入"": 5, ""怀旧感伤"": 0, ""批判警醒"": 0, ""平静记录"": 4}",Analysis,"{""教程指南"": 36, ""学术分析"": 47, ""评论随笔"": 0, ""文艺评论"": 0, ""游记纪实"": 0}",284,34,8.35
content\posts\Zotero7Betternote模板.zh-cn.md,Zotero7Betternote模板,Zotero 7 Better Note Template,zoteronote,https://blog.huaxiangshan.com/zh-cn/posts/zoteronote/,2024-05-06 15:39:02,2024,5,Zotero | Paper reading | Software picks,Economics study | Software tools,,Zotero | Paper reading | Software picks | Economics study | Software tools,Tools & tech,"{""经济学与方法"": 18, ""软件工具与技术"": 89, ""文学影视与文艺评论"": 0, ""旅行调研与地方观察"": 0, ""社会观察与思想随笔"": 2}",Inquiry,0.21999999999999997,"{""求知探索"": 18, ""理性沉思"": 8, ""兴奋投入"": 3, ""怀旧感伤"": 2, ""批判警醒"": 6, ""平静记录"": 1}",Analysis,"{""教程指南"": 15, ""学术分析"": 43, ""评论随笔"": 5, ""文艺评论"": 0, ""游记纪实"": 0}",250,42,5.95
content\posts\变分法速通.zh-cn.md,变分法速通,Notes on Learning Calculus of Variations,bff,https://blog.huaxiangshan.com/en/posts/bff/,2024-05-07 00:02:15,2024,5,Calculus of variations | Dynamic optimization,Economics study,,Calculus of variations | Dynamic optimization | Economics study,Economics & method,"{""经济学与方法"": 3, ""软件工具与技术"": 0, ""文学影视与文艺评论"": 0, ""旅行调研与地方观察"": 0, ""社会观察与思想随笔"": 2}",Inquiry,0.3,"{""求知探索"": 24, ""理性沉思"": 6, ""兴奋投入"": 0, ""怀旧感伤"": 0, ""批判警醒"": 3, ""平静记录"": 2}",Analysis,"{""教程指南"": 5, ""学术分析"": 11, ""评论随笔"": 1, ""文艺评论"": 0, ""游记纪实"": 0}",1168,26,44.92
content\posts\包含0值的对数化是否可靠.zh-cn.md,包含0值的对数化是否可靠,Econometrics: Is the Log (y+1) Transformation Reliable?,log0,https://blog.huaxiangshan.com/en/posts/log0/,2024-05-12 17:59:49,2024,5,Paper reading,Economics study,,Paper reading | Economics study,Economics & method,"{""经济学与方法"": 19, ""软件工具与技术"": 4, ""文学影视与文艺评论"": 0, ""旅行调研与地方观察"": 0, ""社会观察与思想随笔"": 2}",Inquiry,0.3,"{""求知探索"": 11, ""理性沉思"": 8, ""兴奋投入"": 0, ""怀旧感伤"": 3, ""批判警醒"": 1, ""平静记录"": 2}",Analysis,"{""教程指南"": 2, ""学术分析"": 27, ""评论随笔"": 3, ""文艺评论"": 0, ""游记纪实"": 0}",527,26,20.27
content\posts\盖章.zh-cn.md,盖章,Economics and Thought Experiments,gz,https://blog.huaxiangshan.com/zh-cn/posts/gz/,2024-05-17 00:00:36,2024,5,Economics,Economics study,,Economics,Economics & method,"{""经济学与方法"": 12, ""软件工具与技术"": 0, ""文学影视与文艺评论"": 0, ""旅行调研与地方观察"": 0, ""社会观察与思想随笔"": 3}",Reflection,0.31999999999999995,"{""求知探索"": 4, ""理性沉思"": 15, ""兴奋投入"": 5, ""怀旧感伤"": 1, ""批判警醒"": 6, ""平静记录"": 2}",Analysis,"{""教程指南"": 3, ""学术分析"": 21, ""评论随笔"": 8, ""文艺评论"": 0, ""游记纪实"": 0}",123,51,2.41
content\posts\Todek远程控制.zh-cn.md,Todek远程控制,Todesk Audio Fix,todesk,https://blog.huaxiangshan.com/zh-cn/posts/todesk/,2024-05-19 10:11:52,2024,5,Todesk,Software tools,,Todesk | Software tools,Tools & tech,"{""经济学与方法"": 0, ""软件工具与技术"": 20, ""文学影视与文艺评论"": 0, ""旅行调研与地方观察"": 0, ""社会观察与思想随笔"": 5}",Reflection,0.08,"{""求知探索"": 1, ""理性沉思"": 3, ""兴奋投入"": 0, ""怀旧感伤"": 1, ""批判警醒"": 2, ""平静记录"": 0}",Guides,"{""教程指南"": 11, ""学术分析"": 0, ""评论随笔"": 0, ""文艺评论"": 0, ""游记纪实"": 0}",144,25,5.76
content\posts\Obsidian配合文献阅读和博客.zh-cn.md,Obsidian配合文献阅读和博客,Using Obsidian for Literature Reading and Blog Writing,ob,https://blog.huaxiangshan.com/en/posts/ob/,2024-05-24 15:52:19,2024,5,Zotero | Hugo | Obsidian,Software tools,,Zotero | Hugo | Obsidian | Software tools,Tools & tech,"{""经济学与方法"": 3, ""软件工具与技术"": 197, ""文学影视与文艺评论"": 0, ""旅行调研与地方观察"": 0, ""社会观察与思想随笔"": 0}",Excitement,0.7000000000000001,"{""求知探索"": 2, ""理性沉思"": 5, ""兴奋投入"": 7, ""怀旧感伤"": 0, ""批判警醒"": 1, ""平静记录"": 4}",Guides,"{""教程指南"": 75, ""学术分析"": 29, ""评论随笔"": 0, ""文艺评论"": 0, ""游记纪实"": 0}",526,84,6.26
content\posts\调研小记：夜爬夜长城.zh-cn.md,调研小记：夜爬夜长城,Research Note 2: Miyun Wild Great Wall,mycc,https://blog.huaxiangshan.com/en/posts/mycc/,2024-06-04 16:52:19,2024,6,Travel | Fieldwork,Travel notes,,Travel | Fieldwork,Travel & field notes,"{""经济学与方法"": 2, ""软件工具与技术"": 0, ""文学影视与文艺评论"": 0, ""旅行调研与地方观察"": 22, ""社会观察与思想随笔"": 0}",Inquiry,0.38,"{""求知探索"": 20, ""理性沉思"": 7, ""兴奋投入"": 0, ""怀旧感伤"": 1, ""批判警醒"": 4, ""平静记录"": 4}",Travel,"{""教程指南"": 0, ""学术分析"": 1, ""评论随笔"": 6, ""文艺评论"": 0, ""游记纪实"": 26}",219,78,2.81
content\posts\调研小记：山与红玫瑰.zh-cn.md,调研小记：山与红玫瑰,Research Note 3: Mountains and Red Roses,rose,https://blog.huaxiangshan.com/en/posts/rose/,2024-06-17 16:52:19,2024,6,Travel | Fieldwork,Travel notes,,Travel | Fieldwork,Travel & field notes,"{""经济学与方法"": 0, ""软件工具与技术"": 0, ""文学影视与文艺评论"": 0, ""旅行调研与地方观察"": 11, ""社会观察与思想随笔"": 0}",Inquiry,0.3,"{""求知探索"": 14, ""理性沉思"": 0, ""兴奋投入"": 0, ""怀旧感伤"": 0, ""批判警醒"": 0, ""平静记录"": 2}",Travel,"{""教程指南"": 0, ""学术分析"": 0, ""评论随笔"": 2, ""文艺评论"": 0, ""游记纪实"": 14}",148,45,3.29
content\posts\stata事件研究法.zh-cn.md,stata事件研究法,Event Study 1,event1,https://blog.huaxiangshan.com/zh-cn/posts/event1/,2024-06-20 18:52:19,2024,6,Causal inference | Paper reading,Economics study,,Causal inference | Paper reading | Economics study,Economics & method,"{""经济学与方法"": 30, ""软件工具与技术"": 1, ""文学影视与文艺评论"": 0, ""旅行调研与地方观察"": 0, ""社会观察与思想随笔"": 1}",Inquiry,0.21999999999999997,"{""求知探索"": 83, ""理性沉思"": 15, ""兴奋投入"": 0, ""怀旧感伤"": 1, ""批判警醒"": 2, ""平静记录"": 3}",Analysis,"{""教程指南"": 9, ""学术分析"": 39, ""评论随笔"": 1, ""文艺评论"": 0, ""游记纪实"": 0}",623,115,5.42
content\posts\stata事件研究法2.zh-cn.md,stata事件研究法2,Event Study 2,event2,https://blog.huaxiangshan.com/zh-cn/posts/event2/,2024-06-24 07:52:19,2024,6,Causal inference | Paper reading,Economics study,,Causal inference | Paper reading | Economics study,Economics & method,"{""经济学与方法"": 18, ""软件工具与技术"": 15, ""文学影视与文艺评论"": 0, ""旅行调研与地方观察"": 0, ""社会观察与思想随笔"": 0}",Inquiry,0.38,"{""求知探索"": 57, ""理性沉思"": 39, ""兴奋投入"": 0, ""怀旧感伤"": 3, ""批判警醒"": 1, ""平静记录"": 3}",Analysis,"{""教程指南"": 4, ""学术分析"": 28, ""评论随笔"": 0, ""文艺评论"": 0, ""游记纪实"": 0}",427,68,6.28
content\posts\养老金和生育率.zh-cn.md,养老金和生育率,Pensions and Fertility,paf,https://blog.huaxiangshan.com/zh-cn/posts/paf/,2024-07-13 17:52:19,2024,7,Paper reading,Economics study,,Paper reading | Economics study,Economics & method,"{""经济学与方法"": 46, ""软件工具与技术"": 0, ""文学影视与文艺评论"": 0, ""旅行调研与地方观察"": 0, ""社会观察与思想随笔"": 0}",Inquiry,0.54,"{""求知探索"": 29, ""理性沉思"": 21, ""兴奋投入"": 6, ""怀旧感伤"": 0, ""批判警醒"": 1, ""平静记录"": 2}",Analysis,"{""教程指南"": 10, ""学术分析"": 38, ""评论随笔"": 6, ""文艺评论"": 0, ""游记纪实"": 0}",812,101,8.04
content\posts\逆转裁判.zh-cn.md,逆转裁判,The path to a turnabout lies within,nzcp,https://blog.huaxiangshan.com/en/posts/nzcp/,2024-07-25 18:52:19,2024,7,Games,Games,,Games | bgm,Arts & screen,"{""经济学与方法"": 0, ""软件工具与技术"": 0, ""文学影视与文艺评论"": 15, ""旅行调研与地方观察"": 0, ""社会观察与思想随笔"": 0}",Reflection,0.31999999999999995,"{""求知探索"": 1, ""理性沉思"": 5, ""兴奋投入"": 5, ""怀旧感伤"": 0, ""批判警醒"": 2, ""平静记录"": 1}",Analysis,"{""教程指南"": 2, ""学术分析"": 5, ""评论随笔"": 4, ""文艺评论"": 4, ""游记纪实"": 0}",132,39,3.38
content\posts\Pytorch.zh-cn.md,Pytorch,Fixing a PyTorch [WinError 126],pytorch,https://blog.huaxiangshan.com/zh-cn/posts/pytorch/,2024-07-26 18:52:19,2024,7,PyTorch | Anaconda,Software tools,,PyTorch | Anaconda | Software tools,Tools & tech,"{""经济学与方法"": 0, ""软件工具与技术"": 61, ""文学影视与文艺评论"": 0, ""旅行调研与地方观察"": 0, ""社会观察与思想随笔"": 0}",Excitement,0.78,"{""求知探索"": 1, ""理性沉思"": 0, ""兴奋投入"": 2, ""怀旧感伤"": 0, ""批判警醒"": 2, ""平静记录"": 1}",Guides,"{""教程指南"": 20, ""学术分析"": 1, ""评论随笔"": 0, ""文艺评论"": 0, ""游记纪实"": 0}",96,17,5.65
content\posts\Pytorch2.zh-cn.md,Pytorch2,Reinstalling Anaconda,pytorch2,https://blog.huaxiangshan.com/zh-cn/posts/pytorch2/,2024-08-09 18:52:19,2024,8,PyTorch | Anaconda | Python,Software tools,,PyTorch | Anaconda | Python | Software tools,Tools & tech,"{""经济学与方法"": 0, ""软件工具与技术"": 100, ""文学影视与文艺评论"": 0, ""旅行调研与地方观察"": 0, ""社会观察与思想随笔"": 0}",Excitement,0.67,"{""求知探索"": 1, ""理性沉思"": 0, ""兴奋投入"": 3, ""怀旧感伤"": 0, ""批判警醒"": 0, ""平静记录"": 1}",Guides,"{""教程指南"": 33, ""学术分析"": 1, ""评论随笔"": 0, ""文艺评论"": 0, ""游记纪实"": 0}",163,33,4.94
content\posts\Hugo中英文建站.zh-cn.md,Hugo中英文建站,Hugo Bilingual Setup,runtime,https://blog.huaxiangshan.com/zh-cn/posts/runtime/,2024-08-10 15:45:18,2024,8,Hugo,Hugo setup notes,,Hugo | hugo,Tools & tech,"{""经济学与方法"": 1, ""软件工具与技术"": 48, ""文学影视与文艺评论"": 0, ""旅行调研与地方观察"": 0, ""社会观察与思想随笔"": 3}",Inquiry,0.3,"{""求知探索"": 2, ""理性沉思"": 0, ""兴奋投入"": 1, ""怀旧感伤"": 0, ""批判警醒"": 1, ""平静记录"": 2}",Guides,"{""教程指南"": 16, ""学术分析"": 6, ""评论随笔"": 0, ""文艺评论"": 2, ""游记纪实"": 0}",324,38,8.53
content\posts\经济学杂谈.zh-cn.md,经济学杂谈,Empirical economics: intuitive does not mean obvious,fs2,https://blog.huaxiangshan.com/en/posts/fs2/,2024-08-20 18:52:19,2024,8,Reflection,Economics study,,Reflection | Economics study,Economics & method,"{""经济学与方法"": 18, ""软件工具与技术"": 1, ""文学影视与文艺评论"": 3, ""旅行调研与地方观察"": 0, ""社会观察与思想随笔"": 7}",Inquiry,0.62,"{""求知探索"": 34, ""理性沉思"": 31, ""兴奋投入"": 6, ""怀旧感伤"": 0, ""批判警醒"": 8, ""平静记录"": 5}",Analysis,"{""教程指南"": 2, ""学术分析"": 25, ""评论随笔"": 11, ""文艺评论"": 0, ""游记纪实"": 0}",189,64,2.95
content\posts\黑神话悟空.zh-cn.md,黑神话悟空,Who is the Old Monkey in Black Myth Wukong,wk,https://blog.huaxiangshan.com/en/posts/wk/,2024-09-07 18:52:19,2024,9,Games,Games,,Games,Arts & screen,"{""经济学与方法"": 0, ""软件工具与技术"": 0, ""文学影视与文艺评论"": 6, ""旅行调研与地方观察"": 0, ""社会观察与思想随笔"": 2}",Reflection,0.48,"{""求知探索"": 1, ""理性沉思"": 10, ""兴奋投入"": 6, ""怀旧感伤"": 0, ""批判警醒"": 3, ""平静记录"": 2}",Analysis,"{""教程指南"": 2, ""学术分析"": 7, ""评论随笔"": 6, ""文艺评论"": 5, ""游记纪实"": 0}",285,93,3.06
content\posts\实证经济学：审稿经验.zh-cn.md,实证经济学：审稿经验,Refereeing in Empirical Economics,sg,https://blog.huaxiangshan.com/zh-cn/posts/sg/,2024-09-10 21:45:16,2024,9,Paper reading,Economics study,,Paper reading | Economics study,Economics & method,"{""经济学与方法"": 62, ""软件工具与技术"": 0, ""文学影视与文艺评论"": 0, ""旅行调研与地方观察"": 0, ""社会观察与思想随笔"": 10}",Inquiry,0.38,"{""求知探索"": 52, ""理性沉思"": 29, ""兴奋投入"": 5, ""怀旧感伤"": 1, ""批判警醒"": 10, ""平静记录"": 10}",Analysis,"{""教程指南"": 5, ""学术分析"": 61, ""评论随笔"": 6, ""文艺评论"": 0, ""游记纪实"": 0}",301,83,3.63
content\posts\跨越边界的社区.zh-cn.md,跨越边界的社区,《Crossing Boundaries of Community》: Fluid Relations and the Origins of Communities,sqzl,https://blog.huaxiangshan.com/en/posts/sqzl/,2024-09-16 07:52:19,2024,9,Reading | Microhistory,Reading,,Reading | Microhistory,Society & essays,"{""经济学与方法"": 9, ""软件工具与技术"": 0, ""文学影视与文艺评论"": 0, ""旅行调研与地方观察"": 17, ""社会观察与思想随笔"": 25}",Reflection,0.31999999999999995,"{""求知探索"": 50, ""理性沉思"": 71, ""兴奋投入"": 7, ""怀旧感伤"": 0, ""批判警醒"": 8, ""平静记录"": 10}",Analysis,"{""教程指南"": 1, ""学术分析"": 45, ""评论随笔"": 22, ""文艺评论"": 0, ""游记纪实"": 0}",275,87,3.16
content\posts\arcGIS.zh-cn.md,arcGIS,ArcGIS: TIF to Excel,gis,https://blog.huaxiangshan.com/zh-cn/posts/gis/,2024-09-25 12:00:19,2024,9,GIS,Software tools,,GIS | Software tools,Tools & tech,"{""经济学与方法"": 10, ""软件工具与技术"": 26, ""文学影视与文艺评论"": 0, ""旅行调研与地方观察"": 0, ""社会观察与思想随笔"": 2}",Reflection,0.08,"{""求知探索"": 8, ""理性沉思"": 22, ""兴奋投入"": 0, ""怀旧感伤"": 0, ""批判警醒"": 3, ""平静记录"": 1}",Analysis,"{""教程指南"": 25, ""学术分析"": 48, ""评论随笔"": 1, ""文艺评论"": 0, ""游记纪实"": 0}",320,60,5.33
content\posts\经济学修辞.zh-cn.md,经济学修辞,The Rhetoric of Economics,jjxxc,https://blog.huaxiangshan.com/en/posts/jjxxc/,2024-10-16 07:52:19,2024,10,Reading | Literature,Reading,,Reading | Literature,Economics & method,"{""经济学与方法"": 48, ""软件工具与技术"": 1, ""文学影视与文艺评论"": 3, ""旅行调研与地方观察"": 0, ""社会观察与思想随笔"": 28}",Reflection,0.08,"{""求知探索"": 24, ""理性沉思"": 34, ""兴奋投入"": 1, ""怀旧感伤"": 6, ""批判警醒"": 9, ""平静记录"": 6}",Analysis,"{""教程指南"": 7, ""学术分析"": 57, ""评论随笔"": 21, ""文艺评论"": 22, ""游记纪实"": 0}",388,106,3.66
content\posts\stata事件研究法3.zh-cn.md,stata事件研究法3,Event Study 3,event3,https://blog.huaxiangshan.com/zh-cn/posts/event3/,2024-10-24 22:00:19,2024,10,Causal inference | Paper reading | Stata,Economics study,,Causal inference | Paper reading | Stata | Economics study,Economics & method,"{""经济学与方法"": 32, ""软件工具与技术"": 18, ""文学影视与文艺评论"": 0, ""旅行调研与地方观察"": 4, ""社会观察与思想随笔"": 2}",Inquiry,0.3,"{""求知探索"": 53, ""理性沉思"": 10, ""兴奋投入"": 1, ""怀旧感伤"": 1, ""批判警醒"": 0, ""平静记录"": 4}",Analysis,"{""教程指南"": 12, ""学术分析"": 35, ""评论随笔"": 3, ""文艺评论"": 0, ""游记纪实"": 0}",340,50,6.8
content\posts\《1a图片引用防清理.md,《1a图片引用防清理,标题名,链接名,https://blog.huaxiangshan.com/zh-cn/posts/链接名/,2024-10-29 18:52:19,2024,10,Tags | ass,Movies | test,,Tags | ass | Movies | test | webp | stata,Tools & tech,"{""经济学与方法"": 28, ""软件工具与技术"": 44, ""文学影视与文艺评论"": 12, ""旅行调研与地方观察"": 11, ""社会观察与思想随笔"": 20}",Reflection,0.24000000000000002,"{""求知探索"": 8, ""理性沉思"": 15, ""兴奋投入"": 2, ""怀旧感伤"": 1, ""批判警醒"": 2, ""平静记录"": 4}",Analysis,"{""教程指南"": 8, ""学术分析"": 18, ""评论随笔"": 18, ""文艺评论"": 10, ""游记纪实"": 4}",569,116,4.91
content\posts\经济学需要多少数学与创新.zh-cn.md,经济学需要多少数学与创新,The conceit of economics: some recent thoughts,fs3,https://blog.huaxiangshan.com/en/posts/fs3/,2024-11-14 03:52:02,2024,11,Reflection,Economics study,,Reflection | Economics study,Economics & method,"{""经济学与方法"": 53, ""软件工具与技术"": 7, ""文学影视与文艺评论"": 0, ""旅行调研与地方观察"": 0, ""社会观察与思想随笔"": 15}",Inquiry,0.5700000000000001,"{""求知探索"": 42, ""理性沉思"": 32, ""兴奋投入"": 5, ""怀旧感伤"": 0, ""批判警醒"": 7, ""平静记录"": 3}",Analysis,"{""教程指南"": 4, ""学术分析"": 61, ""评论随笔"": 11, ""文艺评论"": 3, ""游记纪实"": 0}",746,197,3.79
content\posts\社会选择理论.zh-cn.md,社会选择理论,"Institutions, Politics, Democracy, and Arrow's Impossibility Theorem",shxz,https://blog.huaxiangshan.com/en/posts/shxz/,2024-11-17 07:52:02,2024,11,Institutional economics | Microeconomics,Economics study,,Institutional economics | Microeconomics | Economics study,Economics & method,"{""经济学与方法"": 68, ""软件工具与技术"": 2, ""文学影视与文艺评论"": 0, ""旅行调研与地方观察"": 0, ""社会观察与思想随笔"": 1}",Reflection,0.56,"{""求知探索"": 35, ""理性沉思"": 53, ""兴奋投入"": 8, ""怀旧感伤"": 5, ""批判警醒"": 5, ""平静记录"": 3}",Analysis,"{""教程指南"": 5, ""学术分析"": 54, ""评论随笔"": 15, ""文艺评论"": 0, ""游记纪实"": 0}",1030,159,6.48
content\posts\bunching.zh-cn.md,bunching,Stata Bunching,bunching,https://blog.huaxiangshan.com/zh-cn/posts/bunching/,2024-11-26 10:45:16,2024,11,sata | Causal inference | Paper reading,Economics study,,sata | Causal inference | Paper reading | Economics study,Economics & method,"{""经济学与方法"": 29, ""软件工具与技术"": 3, ""文学影视与文艺评论"": 0, ""旅行调研与地方观察"": 0, ""社会观察与思想随笔"": 0}",Inquiry,0.3,"{""求知探索"": 19, ""理性沉思"": 17, ""兴奋投入"": 0, ""怀旧感伤"": 0, ""批判警醒"": 0, ""平静记录"": 2}",Analysis,"{""教程指南"": 1, ""学术分析"": 24, ""评论随笔"": 0, ""文艺评论"": 0, ""游记纪实"": 0}",104,11,9.45
content\posts\AI与梦境.zh-cn.md,AI与梦境,Recording a Dream and AI Dream Interpretation,ai_m,https://blog.huaxiangshan.com/en/posts/ai_m/,2024-12-04 08:00:58,2024,12,Dreams,Travel notes,,Travel notes,Society & essays,"{""经济学与方法"": 0, ""软件工具与技术"": 6, ""文学影视与文艺评论"": 0, ""旅行调研与地方观察"": 2, ""社会观察与思想随笔"": 17}",Reflection,-0.6399999999999999,"{""求知探索"": 20, ""理性沉思"": 29, ""兴奋投入"": 0, ""怀旧感伤"": 12, ""批判警醒"": 13, ""平静记录"": 4}",Essays,"{""教程指南"": 0, ""学术分析"": 1, ""评论随笔"": 24, ""文艺评论"": 0, ""游记纪实"": 2}",334,96,3.48
content\posts\政府一次性投资与产业长期发展.zh-cn.md,政府一次性投资与产业长期发展,One-Off Public Investment and Long-Run Industry Growth,zftz,https://blog.huaxiangshan.com/zh-cn/posts/zftz/,2024-12-15 07:52:19,2024,12,Paper reading | Development economics,Economics study,,Paper reading | Development economics | Economics study,Economics & method,"{""经济学与方法"": 42, ""软件工具与技术"": 1, ""文学影视与文艺评论"": 0, ""旅行调研与地方观察"": 0, ""社会观察与思想随笔"": 3}",Inquiry,0.3,"{""求知探索"": 20, ""理性沉思"": 14, ""兴奋投入"": 0, ""怀旧感伤"": 2, ""批判警醒"": 2, ""平静记录"": 0}",Analysis,"{""教程指南"": 9, ""学术分析"": 24, ""评论随笔"": 7, ""文艺评论"": 0, ""游记纪实"": 0}",513,89,5.76
content\posts\经济学与数学.zh-cn.md,经济学与数学,The Mathematical History of Economics,econ_math,https://blog.huaxiangshan.com/en/posts/econ_math/,2025-01-02 08:52:19,2025,1,Reading | Microeconomics | Macroeconomics,Reading,,Reading | Microeconomics | Macroeconomics | Why read it,Economics & method,"{""经济学与方法"": 47, ""软件工具与技术"": 0, ""文学影视与文艺评论"": 0, ""旅行调研与地方观察"": 0, ""社会观察与思想随笔"": 39}",Inquiry,0.54,"{""求知探索"": 46, ""理性沉思"": 30, ""兴奋投入"": 10, ""怀旧感伤"": 2, ""批判警醒"": 4, ""平静记录"": 4}",Analysis,"{""教程指南"": 6, ""学术分析"": 59, ""评论随笔"": 10, ""文艺评论"": 0, ""游记纪实"": 0}",355,106,3.35
content\posts\裁判文书清洗指南.zh-cn.md,裁判文书清洗指南,Cleaning Court Judgments,cpws_stata,https://blog.huaxiangshan.com/zh-cn/posts/cpws_stata/,2025-01-13 18:52:19,2025,1,Stata | Python,Economics study,,Stata | Python | Economics study,Tools & tech,"{""经济学与方法"": 2, ""软件工具与技术"": 64, ""文学影视与文艺评论"": 0, ""旅行调研与地方观察"": 0, ""社会观察与思想随笔"": 0}",Reflection,0.24000000000000002,"{""求知探索"": 12, ""理性沉思"": 14, ""兴奋投入"": 6, ""怀旧感伤"": 0, ""批判警醒"": 0, ""平静记录"": 6}",Guides,"{""教程指南"": 25, ""学术分析"": 7, ""评论随笔"": 3, ""文艺评论"": 0, ""游记纪实"": 0}",1020,156,6.54
content\posts\富种起源.zh-cn.md,富种起源,The Origin of Rich Species: A Lamp Can Light a Room Dark for a Thousand Years,fzqy,https://blog.huaxiangshan.com/en/posts/fzqy/,2025-01-18 16:09:19,2025,1,Reading | Microhistory | Macroeconomics,Reading,,Reading | Microhistory | Macroeconomics | Why read it,Economics & method,"{""经济学与方法"": 51, ""软件工具与技术"": 0, ""文学影视与文艺评论"": 1, ""旅行调研与地方观察"": 0, ""社会观察与思想随笔"": 4}",Reflection,-0.24000000000000002,"{""求知探索"": 18, ""理性沉思"": 59, ""兴奋投入"": 3, ""怀旧感伤"": 2, ""批判警醒"": 6, ""平静记录"": 3}",Analysis,"{""教程指南"": 4, ""学术分析"": 38, ""评论随笔"": 15, ""文艺评论"": 5, ""游记纪实"": 0}",779,213,3.66
content\posts\谈谈社会科学.zh-cn.md,谈谈社会科学,Existentialism and Social Science: Flowers Blooming from Nothingness,fs4,https://blog.huaxiangshan.com/en/posts/fs4/,2025-02-21 13:02:19,2025,2,Reflection,Economics study,,Reflection | Economics study,Society & essays,"{""经济学与方法"": 19, ""软件工具与技术"": 1, ""文学影视与文艺评论"": 1, ""旅行调研与地方观察"": 0, ""社会观察与思想随笔"": 24}",Reflection,0.16,"{""求知探索"": 25, ""理性沉思"": 82, ""兴奋投入"": 7, ""怀旧感伤"": 3, ""批判警醒"": 14, ""平静记录"": 1}",Analysis,"{""教程指南"": 3, ""学术分析"": 22, ""评论随笔"": 21, ""文艺评论"": 0, ""游记纪实"": 0}",258,84,3.07
content\posts\侦探小说的现代性.zh-cn.md,侦探小说的现代性,Modernity in Detective Fiction,ztxs,https://blog.huaxiangshan.com/zh-cn/posts/ztxs/,2025-02-22 18:52:19,2025,2,Literature | Microhistory | Reading,Reading,,Literature | Microhistory | Reading,Arts & screen,"{""经济学与方法"": 6, ""软件工具与技术"": 1, ""文学影视与文艺评论"": 63, ""旅行调研与地方观察"": 1, ""社会观察与思想随笔"": 4}",Reflection,0.31999999999999995,"{""求知探索"": 10, ""理性沉思"": 38, ""兴奋投入"": 6, ""怀旧感伤"": 1, ""批判警醒"": 2, ""平静记录"": 8}",Reviews,"{""教程指南"": 8, ""学术分析"": 11, ""评论随笔"": 14, ""文艺评论"": 36, ""游记纪实"": 0}",219,70,3.13
content\posts\solow.zh-cn.md,solow,Solow in Matlab,solow,https://blog.huaxiangshan.com/zh-cn/posts/solow/,2025-03-02 23:02:19,2025,3,Matlab | Macroeconomics,Software tools | Economics study,,Matlab | Macroeconomics | Software tools | Economics study | solow,Economics & method,"{""经济学与方法"": 98, ""软件工具与技术"": 31, ""文学影视与文艺评论"": 0, ""旅行调研与地方观察"": 0, ""社会观察与思想随笔"": 1}",Inquiry,0.3,"{""求知探索"": 10, ""理性沉思"": 2, ""兴奋投入"": 0, ""怀旧感伤"": 1, ""批判警醒"": 2, ""平静记录"": 6}",Analysis,"{""教程指南"": 9, ""学术分析"": 39, ""评论随笔"": 0, ""文艺评论"": 0, ""游记纪实"": 0}",402,43,9.35
content\posts\让政策评估变得有趣.zh-cn.md,让政策评估变得有趣,Distortion or Surprise: Making Policy Evaluation Interesting,zcpg,https://blog.huaxiangshan.com/en/posts/zcpg/,2025-03-19 22:22:19,2025,3,Paper reading | Development economics | Policy evaluation,Economics study,,Paper reading | Development economics | Policy evaluation | Economics study,Economics & method,"{""经济学与方法"": 53, ""软件工具与技术"": 0, ""文学影视与文艺评论"": 0, ""旅行调研与地方观察"": 0, ""社会观察与思想随笔"": 8}",Inquiry,1.0,"{""求知探索"": 45, ""理性沉思"": 34, ""兴奋投入"": 29, ""怀旧感伤"": 1, ""批判警醒"": 3, ""平静记录"": 6}",Analysis,"{""教程指南"": 3, ""学术分析"": 57, ""评论随笔"": 8, ""文艺评论"": 1, ""游记纪实"": 0}",346,103,3.36
content\posts\课堂展示.zh-cn.md,课堂展示,A Two-Sector Malthus Model,mess,https://blog.huaxiangshan.com/zh-cn/posts/mess/,2025-03-25 16:52:19,2025,3,Reading | Microhistory | Macroeconomics,Reading,,Reading | Microhistory | Macroeconomics,Economics & method,"{""经济学与方法"": 39, ""软件工具与技术"": 0, ""文学影视与文艺评论"": 0, ""旅行调研与地方观察"": 0, ""社会观察与思想随笔"": 1}",Reflection,0.08,"{""求知探索"": 8, ""理性沉思"": 31, ""兴奋投入"": 0, ""怀旧感伤"": 0, ""批判警醒"": 3, ""平静记录"": 3}",Analysis,"{""教程指南"": 3, ""学术分析"": 29, ""评论随笔"": 9, ""文艺评论"": 1, ""游记纪实"": 0}",404,43,9.4
content\posts\judgeiv.zh-cn.md,judgeiv,Judge IV,judge_iv,https://blog.huaxiangshan.com/zh-cn/posts/judge_iv/,2025-04-01 15:30:19,2025,4,Causal inference | Paper reading | Law and economics,Economics study,,Causal inference | Paper reading | Law and economics | Economics study,Economics & method,"{""经济学与方法"": 36, ""软件工具与技术"": 4, ""文学影视与文艺评论"": 0, ""旅行调研与地方观察"": 0, ""社会观察与思想随笔"": 1}",Inquiry,0.38,"{""求知探索"": 25, ""理性沉思"": 16, ""兴奋投入"": 2, ""怀旧感伤"": 1, ""批判警醒"": 0, ""平静记录"": 4}",Analysis,"{""教程指南"": 8, ""学术分析"": 32, ""评论随笔"": 6, ""文艺评论"": 0, ""游记纪实"": 0}",384,74,5.19
content\posts\山西大同「订婚强奸案」二审：一个经济学视角.zh-cn.md,山西大同「订婚强奸案」二审：一个经济学视角,Shanxi Datong Engagement Case Second Trial: An Economic Perspective on Judicial Spirit and Execution,sfjs,https://blog.huaxiangshan.com/en/posts/sfjs-en/,2025-04-20 12:52:19,2025,4,Law | Current affairs,Reading,,Law | Current affairs | Reading,Travel & field notes,"{""经济学与方法"": 1, ""软件工具与技术"": 0, ""文学影视与文艺评论"": 0, ""旅行调研与地方观察"": 9, ""社会观察与思想随笔"": 8}",Reflection,0.24000000000000002,"{""求知探索"": 1, ""理性沉思"": 22, ""兴奋投入"": 4, ""怀旧感伤"": 2, ""批判警醒"": 4, ""平静记录"": 3}",Analysis,"{""教程指南"": 1, ""学术分析"": 14, ""评论随笔"": 9, ""文艺评论"": 0, ""游记纪实"": 0}",174,58,3.0
content\posts\垄断与反垄断法.zh-cn.md,垄断与反垄断法,What Are We Really Opposing When We Fight Monopoly?,fld,https://blog.huaxiangshan.com/en/posts/fld/,2025-05-01 12:52:19,2025,5,Industrial organization | Economic law,Economics study,,Industrial organization | Economic law | Economics study,Economics & method,"{""经济学与方法"": 15, ""软件工具与技术"": 2, ""文学影视与文艺评论"": 0, ""旅行调研与地方观察"": 0, ""社会观察与思想随笔"": 3}",Reflection,0.08,"{""求知探索"": 22, ""理性沉思"": 24, ""兴奋投入"": 0, ""怀旧感伤"": 2, ""批判警醒"": 1, ""平静记录"": 1}",Analysis,"{""教程指南"": 4, ""学术分析"": 19, ""评论随笔"": 9, ""文艺评论"": 0, ""游记纪实"": 0}",537,168,3.2
content\posts\一些师生交互建议.zh-cn.md,一些师生交互建议,Working with Professors,fs5,https://blog.huaxiangshan.com/zh-cn/posts/fs5/,2025-05-10 14:00:19,2025,5,Reflection,Economics study,,Reflection | Economics study,Economics & method,"{""经济学与方法"": 18, ""软件工具与技术"": 3, ""文学影视与文艺评论"": 0, ""旅行调研与地方观察"": 1, ""社会观察与思想随笔"": 7}",Reflection,0.31999999999999995,"{""求知探索"": 20, ""理性沉思"": 36, ""兴奋投入"": 7, ""怀旧感伤"": 3, ""批判警醒"": 5, ""平静记录"": 7}",Analysis,"{""教程指南"": 7, ""学术分析"": 34, ""评论随笔"": 8, ""文艺评论"": 0, ""游记纪实"": 5}",246,72,3.42
content\posts\pythonGIS.zh-cn.md,pythonGIS,Python CV Notes,python_cv,https://blog.huaxiangshan.com/zh-cn/posts/python_cv/,2025-05-24 10:12:19,2025,5,Python | Stata,Software tools,,Python | Stata | Software tools,Tools & tech,"{""经济学与方法"": 4, ""软件工具与技术"": 50, ""文学影视与文艺评论"": 0, ""旅行调研与地方观察"": 0, ""社会观察与思想随笔"": 0}",Inquiry,0.3,"{""求知探索"": 14, ""理性沉思"": 6, ""兴奋投入"": 2, ""怀旧感伤"": 1, ""批判警醒"": 0, ""平静记录"": 1}",Guides,"{""教程指南"": 13, ""学术分析"": 12, ""评论随笔"": 0, ""文艺评论"": 0, ""游记纪实"": 0}",121,25,4.84
content\posts\业余无线电.md,业余无线电,业余无线电：泉盛 UV-K7 按键操作,amateur_radio,https://blog.huaxiangshan.com/zh-cn/posts/amateur_radio/,2025-06-04 20:27:19,2025,6,Amateur radio | Software picks,Software tools,,Amateur radio | Software picks | Software tools,Tools & tech,"{""经济学与方法"": 0, ""软件工具与技术"": 14, ""文学影视与文艺评论"": 0, ""旅行调研与地方观察"": 1, ""社会观察与思想随笔"": 0}",Excitement,0.78,"{""求知探索"": 0, ""理性沉思"": 0, ""兴奋投入"": 5, ""怀旧感伤"": 0, ""批判警醒"": 1, ""平静记录"": 5}",Guides,"{""教程指南"": 15, ""学术分析"": 0, ""评论随笔"": 0, ""文艺评论"": 0, ""游记纪实"": 0}",130,25,5.2
content\posts\Stata图片中英文字体设置.zh-cn.md,Stata图片中英文字体设置,Chinese and English Fonts in Stata,stata_font,https://blog.huaxiangshan.com/zh-cn/posts/stata_font/,2025-07-07 12:02:19,2025,7,Stata,Software tools,,Stata | Software tools | nature | science,Economics & method,"{""经济学与方法"": 29, ""软件工具与技术"": 16, ""文学影视与文艺评论"": 0, ""旅行调研与地方观察"": 0, ""社会观察与思想随笔"": 0}",Inquiry,0.38,"{""求知探索"": 12, ""理性沉思"": 0, ""兴奋投入"": 3, ""怀旧感伤"": 0, ""批判警醒"": 1, ""平静记录"": 2}",Analysis,"{""教程指南"": 20, ""学术分析"": 35, ""评论随笔"": 0, ""文艺评论"": 0, ""游记纪实"": 0}",198,35,5.66
content\posts\四姑娘山.zh-cn.md,四姑娘山,Siguniang Mountain: A Hiking Journey at the Foot of Snow-Capped Peaks,sgns,https://blog.huaxiangshan.com/en/posts/sgns/,2025-07-30 12:32:19,2025,7,Travel,Travel notes,,Travel,Travel & field notes,"{""经济学与方法"": 1, ""软件工具与技术"": 0, ""文学影视与文艺评论"": 0, ""旅行调研与地方观察"": 29, ""社会观察与思想随笔"": 1}",Reflection,0.08,"{""求知探索"": 1, ""理性沉思"": 6, ""兴奋投入"": 1, ""怀旧感伤"": 2, ""批判警醒"": 0, ""平静记录"": 0}",Travel,"{""教程指南"": 1, ""学术分析"": 5, ""评论随笔"": 0, ""文艺评论"": 0, ""游记纪实"": 28}",244,55,4.44
content\posts\社会网络.zh-cn.md,社会网络,LDA Topic Modeling and Gephi Visualization,lda_gephi,https://blog.huaxiangshan.com/en/posts/lda_gephi/,2025-08-31 07:00:19,2025,8,Gephi | Python | Network,Software tools,,Gephi | Python | Network | Software tools,Tools & tech,"{""经济学与方法"": 7, ""软件工具与技术"": 40, ""文学影视与文艺评论"": 1, ""旅行调研与地方观察"": 2, ""社会观察与思想随笔"": 16}",Inquiry,0.45999999999999996,"{""求知探索"": 64, ""理性沉思"": 35, ""兴奋投入"": 3, ""怀旧感伤"": 0, ""批判警醒"": 4, ""平静记录"": 4}",Analysis,"{""教程指南"": 20, ""学术分析"": 36, ""评论随笔"": 12, ""文艺评论"": 5, ""游记纪实"": 0}",289,57,5.07
content\posts\谷子经济的函数.zh-cn.md,谷子经济的函数,Explaining the Trendy Toy Craze: From Network Effects to Multiple Equilibria,gzhs,https://blog.huaxiangshan.com/en/posts/gzhs/,2025-09-25 20:00:36,2025,9,Microeconomics | Paper reading | Network,Economics study,,Microeconomics | Paper reading | Network | Economics study,Economics & method,"{""经济学与方法"": 25, ""软件工具与技术"": 0, ""文学影视与文艺评论"": 0, ""旅行调研与地方观察"": 0, ""社会观察与思想随笔"": 0}",Reflection,0.24000000000000002,"{""求知探索"": 12, ""理性沉思"": 15, ""兴奋投入"": 2, ""怀旧感伤"": 1, ""批判警醒"": 1, ""平静记录"": 1}",Analysis,"{""教程指南"": 1, ""学术分析"": 27, ""评论随笔"": 10, ""文艺评论"": 0, ""游记纪实"": 0}",379,44,8.61
content\posts\当法官学习了经济学.zh-cn.md,当法官学习了经济学,The Power of Ideas: When Judges Learn Economics,law_econ,https://blog.huaxiangshan.com/en/posts/law_econ/,2025-09-27 00:08:58,2025,9,Paper reading | Law and economics,Economics study,,Paper reading | Law and economics | Economics study | Preface,Economics & method,"{""经济学与方法"": 32, ""软件工具与技术"": 0, ""文学影视与文艺评论"": 0, ""旅行调研与地方观察"": 0, ""社会观察与思想随笔"": 0}",Inquiry,0.45999999999999996,"{""求知探索"": 34, ""理性沉思"": 4, ""兴奋投入"": 3, ""怀旧感伤"": 0, ""批判警醒"": 2, ""平静记录"": 0}",Analysis,"{""教程指南"": 6, ""学术分析"": 47, ""评论随笔"": 1, ""文艺评论"": 0, ""游记纪实"": 0}",395,96,4.11
content\posts\texstudio.zh-cn.md,texstudio,Optimize Your TexStudio Editing Experience,texstudio,https://blog.huaxiangshan.com/en/posts/texstudio/,2025-10-10 16:52:19,2025,10,LaTeX | Software picks,Software tools,,LaTeX | Software picks | Software tools,Tools & tech,"{""经济学与方法"": 0, ""软件工具与技术"": 87, ""文学影视与文艺评论"": 0, ""旅行调研与地方观察"": 0, ""社会观察与思想随笔"": 1}",Critique,-0.13999999999999999,"{""求知探索"": 2, ""理性沉思"": 4, ""兴奋投入"": 2, ""怀旧感伤"": 1, ""批判警醒"": 5, ""平静记录"": 0}",Guides,"{""教程指南"": 21, ""学术分析"": 5, ""评论随笔"": 0, ""文艺评论"": 0, ""游记纪实"": 0}",212,42,5.05
content\posts\行政规划与经济发展.zh-cn.md,行政规划与经济发展,After the Split of Sichuan Province: Political Planning and Economic Growth,rsc_econ,https://blog.huaxiangshan.com/en/posts/rsc_econ/,2025-10-26 12:08:58,2025,10,Paper reading | Regional economics | GIS,Economics study,,Paper reading | Regional economics | GIS | Economics study,Economics & method,"{""经济学与方法"": 19, ""软件工具与技术"": 2, ""文学影视与文艺评论"": 0, ""旅行调研与地方观察"": 1, ""社会观察与思想随笔"": 0}",Inquiry,0.38,"{""求知探索"": 20, ""理性沉思"": 13, ""兴奋投入"": 1, ""怀旧感伤"": 0, ""批判警醒"": 8, ""平静记录"": 0}",Analysis,"{""教程指南"": 4, ""学术分析"": 30, ""评论随笔"": 6, ""文艺评论"": 0, ""游记纪实"": 0}",494,83,5.95
content\posts\Gispro操作简要.zh-cn.md,Gispro操作简要,ArcGIS Pro Notes,gis_econ,https://blog.huaxiangshan.com/zh-cn/posts/gis_econ/,2025-11-03 21:08:58,2025,11,Regional economics | GIS,Software tools,,Regional economics | GIS | Software tools,Tools & tech,"{""经济学与方法"": 14, ""软件工具与技术"": 30, ""文学影视与文艺评论"": 0, ""旅行调研与地方观察"": 0, ""社会观察与思想随笔"": 0}",Inquiry,0.3,"{""求知探索"": 26, ""理性沉思"": 14, ""兴奋投入"": 1, ""怀旧感伤"": 5, ""批判警醒"": 0, ""平静记录"": 2}",Analysis,"{""教程指南"": 24, ""学术分析"": 49, ""评论随笔"": 0, ""文艺评论"": 0, ""游记纪实"": 0}",287,74,3.88
content\posts\Stata_auto.zh-cn.md,Stata_auto,Stata and AI Agents: A Powerful Pair for Empirical Work,stata_auto,https://blog.huaxiangshan.com/en/posts/stata_auto/,2026-02-20 00:12:19,2026,2,Stata | Software picks | Obsidian,Software tools,,Stata | Software picks | Obsidian | Software tools,Tools & tech,"{""经济学与方法"": 11, ""软件工具与技术"": 122, ""文学影视与文艺评论"": 0, ""旅行调研与地方观察"": 0, ""社会观察与思想随笔"": 1}",Inquiry,0.3,"{""求知探索"": 16, ""理性沉思"": 4, ""兴奋投入"": 9, ""怀旧感伤"": 1, ""批判警醒"": 1, ""平静记录"": 0}",Guides,"{""教程指南"": 52, ""学术分析"": 17, ""评论随笔"": 1, ""文艺评论"": 0, ""游记纪实"": 0}",637,90,7.08
content\posts\科研品味与ai.zh-cn.md,科研品味与ai,The Copernican Moment and Research Taste,taste_ai,https://blog.huaxiangshan.com/en/posts/taste_ai/,2026-04-04 16:12:21,2026,4,Reading | Reflection | Repost,Reading | Economics study,,Reading | Reflection | Repost | Economics study,Economics & method,"{""经济学与方法"": 24, ""软件工具与技术"": 8, ""文学影视与文艺评论"": 1, ""旅行调研与地方观察"": 0, ""社会观察与思想随笔"": 7}",Inquiry,0.49,"{""求知探索"": 40, ""理性沉思"": 35, ""兴奋投入"": 4, ""怀旧感伤"": 4, ""批判警醒"": 14, ""平静记录"": 10}",Analysis,"{""教程指南"": 3, ""学术分析"": 41, ""评论随笔"": 10, ""文艺评论"": 5, ""游记纪实"": 0}",450,115,3.91
